accident_id,date,region,weather,road_type,speed_limit,vehicles,casualties,severity
A01107,2022-01-01,South,Rain,Urban,60,3,1,Slight
A00003,2022-01-02,North,Fog,Rural,70,1,0,Slight
A01609,2022-01-02,North,Clear,Motorway,60,2,2,Slight
A00636,2022-01-03,West,Clear,Rural,30,2,1,Slight
A01492,2022-01-03,North,Fog,Rural,30,3,3,Serious
A00838,2022-01-03,South,Rain,Urban,70,3,1,Slight
A01125,2022-01-04,South,Rain,Motorway,70,4,2,Slight
A00351,2022-01-04,East,Fog,Motorway,60,2,0,Slight
A00970,2022-01-05,South,Clear,Urban,60,3,1,Slight
A01184,2022-01-07,South,Clear,Motorway,70,4,2,Slight
A01284,2022-01-07,East,Rain,Urban,30,4,1,Slight
A01600,2022-01-08,West,Clear,Motorway,40,2,2,Slight
A00860,2022-01-10,West,Rain,Motorway,70,1,0,Slight
A00018,2022-01-10,West,Clear,Motorway,40,2,0,Slight
A01456,2022-01-11,East,Rain,Motorway,30,2,3,Serious
A00305,2022-01-12,East,Rain,Motorway,30,3,2,Slight
A00077,2022-01-13,West,Rain,Motorway,40,2,1,Slight
A00985,2022-01-14,North,Fog,Urban,60,3,1,Slight
A00451,2022-01-16,West,Clear,Urban,40,4,2,Slight
A00356,2022-01-16,South,Fog,Rural,40,4,3,Serious
A01254,2022-01-18,South,Fog,Rural,60,2,3,Serious
A00712,2022-01-19,West,Fog,Rural,70,3,4,Serious
A01528,2022-01-20,South,Fog,Rural,60,4,1,Slight
A00456,2022-01-20,South,Clear,Urban,60,4,3,Serious
A01669,2022-01-20,North,Rain,Urban,60,4,1,Slight
A00149,2022-01-21,West,Rain,Rural,60,3,2,Slight
A01099,2022-01-21,South,Rain,Rural,70,2,6,Serious
A01331,2022-01-21,North,Rain,Rural,40,1,1,Slight
A00019,2022-01-23,North,Fog,Urban,60,2,0,Slight
A00831,2022-01-23,West,Rain,Rural,70,3,1,Slight
A01712,2022-01-24,South,Fog,Motorway,60,1,2,Slight
A00294,2022-01-24,South,Fog,Urban,60,3,0,Slight
A00514,2022-01-24,East,Clear,Motorway,60,4,3,Serious
A00048,2022-01-25,South,Rain,Rural,70,1,0,Slight
A00150,2022-01-25,East,Fog,Urban,40,3,1,Slight
A00995,2022-01-26,South,Clear,Urban,60,1,1,Slight
A00297,2022-01-27,West,Fog,Motorway,60,2,0,Slight
A01629,2022-01-28,North,Fog,Rural,60,2,0,Slight
A01180,2022-01-29,West,Rain,Rural,40,2,0,Slight
A00819,2022-01-29,North,Clear,Urban,60,2,0,Slight
A00789,2022-01-29,South,Clear,Rural,70,3,3,Serious
A01325,2022-01-30,East,Fog,Motorway,30,2,0,Slight
A00524,2022-01-31,East,Clear,Motorway,60,2,1,Slight
A01187,2022-01-31,South,Fog,Urban,40,1,1,Slight
A00233,2022-02-05,North,Fog,Urban,40,1,1,Slight
A01179,2022-02-05,North,Rain,Urban,40,4,2,Slight
A01336,2022-02-05,North,Rain,Urban,30,1,0,Slight
A01526,2022-02-05,North,Rain,Urban,40,4,1,Slight
A01023,2022-02-05,West,Clear,Motorway,40,1,0,Slight
A00068,2022-02-06,East,Clear,Motorway,60,2,0,Slight
A00543,2022-02-06,East,Clear,Urban,60,2,2,Slight
A00089,2022-02-06,South,Rain,Rural,30,4,4,Serious
A00001,2022-02-07,East,Fog,Rural,70,1,0,Slight
A00613,2022-02-08,West,Fog,Motorway,70,4,0,Slight
A00777,2022-02-08,South,Rain,Motorway,30,4,1,Slight
A01714,2022-02-09,East,Rain,Rural,40,3,3,Serious
A01711,2022-02-10,South,Fog,Rural,60,1,1,Slight
A01268,2022-02-10,East,Fog,Motorway,60,3,1,Slight
A00720,2022-02-11,East,Rain,Motorway,60,3,2,Slight
A00358,2022-02-11,West,Fog,Motorway,40,4,3,Serious
A00768,2022-02-12,West,Rain,Urban,30,1,1,Slight
A01429,2022-02-14,East,Clear,Motorway,40,4,3,Serious
A00969,2022-02-14,North,Fog,Rural,30,2,0,Slight
A00814,2022-02-15,East,Clear,Urban,30,1,1,Slight
A00599,2022-02-16,West,Fog,Motorway,60,1,1,Slight
A00968,2022-02-16,East,Clear,Urban,40,3,1,Slight
A00715,2022-02-17,South,Rain,Motorway,60,3,0,Slight
A01747,2022-02-18,North,Fog,Urban,60,2,0,Slight
A00046,2022-02-19,East,Clear,Rural,70,3,1,Slight
A00039,2022-02-20,East,Fog,Urban,70,1,0,Slight
A00731,2022-02-20,East,Rain,Urban,70,3,3,Serious
A01632,2022-02-21,West,Clear,Urban,70,2,1,Slight
A00483,2022-02-21,North,Clear,Rural,60,2,0,Slight
A01267,2022-02-21,South,Clear,Motorway,70,3,1,Slight
A01095,2022-02-21,North,Clear,Motorway,60,3,0,Slight
A00087,2022-02-21,West,Clear,Motorway,60,2,2,Slight
A01338,2022-02-21,West,Rain,Rural,30,3,0,Slight
A01487,2022-02-21,West,Fog,Motorway,70,2,0,Slight
A00503,2022-02-22,East,Clear,Urban,30,2,0,Slight
A00830,2022-02-22,West,Fog,Rural,40,4,1,Slight
A00603,2022-02-23,North,Rain,Motorway,60,2,2,Slight
A00813,2022-02-23,East,Rain,Motorway,30,3,1,Slight
A01287,2022-02-23,East,Fog,Urban,70,2,1,Slight
A00792,2022-02-23,West,Clear,Rural,60,1,1,Slight
A01356,2022-02-24,North,Rain,Rural,60,4,1,Slight
A01775,2022-02-25,West,Fog,Urban,60,2,0,Slight
A00155,2022-02-25,East,Fog,Motorway,60,4,2,Slight
A00880,2022-02-25,West,Fog,Urban,30,2,2,Slight
A00416,2022-02-26,West,Clear,Rural,60,2,2,Slight
A00904,2022-02-26,West,Fog,Urban,40,1,0,Slight
A00820,2022-02-27,West,Rain,Motorway,60,3,2,Slight
A00271,2022-02-27,East,Clear,Motorway,30,4,1,Slight
A01156,2022-02-28,East,Fog,Rural,70,4,3,Serious
A00071,2022-02-28,North,Clear,Rural,40,4,2,Slight
A01515,2022-03-01,South,Rain,Urban,40,2,4,Serious
A01373,2022-03-03,West,Rain,Motorway,70,4,1,Slight
A00199,2022-03-03,South,Fog,Motorway,70,1,0,Slight
A01211,2022-03-04,East,Fog,Motorway,40,1,2,Slight
A00488,2022-03-04,South,Rain,Urban,60,1,0,Slight
A00861,2022-03-04,North,Fog,Urban,30,1,0,Slight
A00492,2022-03-05,North,Rain,Urban,60,3,0,Slight
A00374,2022-03-05,West,Fog,Rural,70,2,1,Slight
A01245,2022-03-05,West,Clear,Urban,70,1,2,Slight
A00027,2022-03-05,East,Clear,Rural,30,2,3,Serious
A00121,2022-03-06,East,Rain,Motorway,70,3,1,Slight
A01501,2022-03-06,East,Clear,Rural,60,2,0,Slight
A01562,2022-03-07,East,Clear,Motorway,40,4,1,Slight
A00980,2022-03-08,West,Clear,Motorway,70,2,2,Slight
A01599,2022-03-09,North,Fog,Rural,60,3,1,Slight
A00971,2022-03-09,South,Clear,Motorway,60,1,1,Slight
A01637,2022-03-10,East,Fog,Rural,60,1,0,Slight
A01072,2022-03-10,East,Rain,Urban,30,3,1,Slight
A01278,2022-03-10,East,Clear,Motorway,70,3,0,Slight
A00912,2022-03-12,East,Rain,Rural,30,3,1,Slight
A00300,2022-03-14,East,Rain,Motorway,30,1,0,Slight
A01460,2022-03-15,East,Fog,Urban,60,2,0,Slight
A01473,2022-03-16,West,Rain,Urban,30,2,0,Slight
A00169,2022-03-16,East,Clear,Urban,60,4,2,Slight
A00808,2022-03-18,West,Fog,Urban,40,3,1,Slight
A01582,2022-03-19,North,Fog,Urban,70,1,2,Slight
A00931,2022-03-20,East,Rain,Rural,60,2,2,Slight
A01116,2022-03-22,West,Clear,Motorway,30,3,1,Slight
A01309,2022-03-22,South,Fog,Rural,70,4,0,Slight
A01306,2022-03-22,East,Clear,Urban,60,3,0,Slight
A01626,2022-03-23,North,Clear,Rural,40,1,0,Slight
A00404,2022-03-23,East,Clear,Urban,70,3,0,Slight
A01317,2022-03-23,South,Rain,Motorway,40,1,3,Serious
A00609,2022-03-24,West,Clear,Motorway,70,1,3,Serious
A00501,2022-03-24,East,Fog,Rural,40,4,2,Slight
A01544,2022-03-24,North,Clear,Rural,60,4,2,Slight
A01454,2022-03-24,East,Fog,Motorway,40,2,1,Slight
A01769,2022-03-25,West,Fog,Rural,70,2,1,Slight
A01405,2022-03-25,North,Fog,Motorway,60,4,1,Slight
A01132,2022-03-25,South,Rain,Urban,70,3,0,Slight
A01783,2022-03-26,North,Clear,Urban,40,2,2,Slight
A01214,2022-03-26,North,Clear,Urban,70,2,0,Slight
A00855,2022-03-27,West,Rain,Rural,40,2,1,Slight
A01158,2022-03-28,North,Rain,Motorway,30,1,2,Slight
A00053,2022-03-29,East,Rain,Rural,70,2,1,Slight
A00690,2022-03-30,East,Rain,Rural,70,3,2,Slight
A01276,2022-03-31,East,Clear,Urban,60,4,1,Slight
A01352,2022-03-31,East,Clear,Rural,40,2,1,Slight
A01233,2022-04-01,East,Clear,Rural,70,2,0,Slight
A01527,2022-04-01,North,Rain,Urban,70,1,1,Slight
A01378,2022-04-02,East,Fog,Rural,30,2,1,Slight
A00411,2022-04-02,North,Rain,Motorway,60,4,1,Slight
A00752,2022-04-04,West,Rain,Motorway,70,1,0,Slight
A01513,2022-04-05,North,Clear,Motorway,60,4,1,Slight
A01555,2022-04-06,North,Clear,Urban,70,1,1,Slight
A01512,2022-04-06,East,Rain,Urban,40,4,1,Slight
A01750,2022-04-06,West,Clear,Motorway,70,3,3,Serious
A01232,2022-04-06,West,Rain,Urban,60,3,0,Slight
A00148,2022-04-07,North,Clear,Urban,70,3,1,Slight
A01659,2022-04-07,South,Clear,Rural,70,1,2,Slight
A00886,2022-04-07,South,Clear,Motorway,60,1,0,Slight
A00227,2022-04-08,South,Rain,Motorway,30,3,1,Slight
A00935,2022-04-10,South,Clear,Motorway,30,1,0,Slight
A01663,2022-04-11,South,Rain,Urban,40,4,1,Slight
A01618,2022-04-11,East,Fog,Urban,70,2,0,Slight
A00326,2022-04-12,South,Rain,Rural,30,2,3,Serious
A01424,2022-04-12,East,Rain,Motorway,30,2,3,Serious
A00586,2022-04-13,West,Clear,Urban,30,4,2,Slight
A01605,2022-04-15,North,Clear,Rural,70,4,1,Slight
A00230,2022-04-15,South,Rain,Rural,70,1,0,Slight
A01706,2022-04-15,North,Clear,Motorway,30,1,2,Slight
A01798,2022-04-15,West,Rain,Urban,30,2,1,Slight
A00615,2022-04-16,North,Rain,Urban,30,2,2,Slight
A01060,2022-04-17,East,Fog,Motorway,70,4,0,Slight
A00066,2022-04-19,South,Rain,Motorway,30,4,2,Slight
A00984,2022-04-20,West,Rain,Rural,40,3,2,Slight
A00735,2022-04-20,North,Rain,Motorway,70,1,0,Slight
A00495,2022-04-22,South,Rain,Urban,70,3,0,Slight
A01077,2022-04-22,North,Rain,Rural,60,1,3,Serious
A00611,2022-04-23,North,Rain,Urban,60,4,0,Slight
A00122,2022-04-23,South,Clear,Rural,70,4,1,Slight
A00485,2022-04-24,South,Fog,Urban,60,3,2,Slight
A01264,2022-04-24,North,Clear,Motorway,60,4,1,Slight
A00856,2022-04-25,West,Rain,Rural,40,4,2,Slight
A01006,2022-04-26,South,Fog,Urban,60,4,3,Serious
A00252,2022-04-28,South,Clear,Rural,70,4,6,Serious
A01241,2022-04-28,North,Rain,Urban,70,3,1,Slight
A01667,2022-04-29,West,Fog,Motorway,30,1,0,Slight
A00742,2022-04-30,North,Clear,Rural,70,4,0,Slight
A00882,2022-04-30,East,Clear,Urban,70,4,2,Slight
A00625,2022-05-01,South,Rain,Urban,60,2,0,Slight
A00726,2022-05-03,East,Rain,Rural,60,3,2,Slight
A01085,2022-05-03,West,Clear,Rural,40,4,5,Serious
A00255,2022-05-03,East,Clear,Rural,30,4,0,Slight
A01301,2022-05-04,West,Rain,Motorway,60,2,2,Slight
A01575,2022-05-05,South,Clear,Urban,60,3,3,Serious
A00319,2022-05-05,South,Clear,Rural,40,3,1,Slight
A00127,2022-05-06,East,Fog,Urban,70,1,2,Slight
A01171,2022-05-07,West,Clear,Rural,40,2,0,Slight
A00043,2022-05-08,North,Clear,Motorway,40,1,1,Slight
A01407,2022-05-08,East,Rain,Rural,30,2,2,Slight
A01210,2022-05-09,East,Rain,Motorway,70,4,1,Slight
A00717,2022-05-09,North,Rain,Motorway,70,1,1,Slight
A00879,2022-05-09,West,Clear,Rural,60,2,3,Serious
A01445,2022-05-10,West,Clear,Rural,30,3,2,Slight
A01044,2022-05-10,East,Rain,Motorway,70,3,1,Slight
A01470,2022-05-10,South,Fog,Rural,60,3,4,Serious
A00154,2022-05-11,East,Rain,Rural,30,2,0,Slight
A01546,2022-05-11,South,Rain,Urban,60,1,2,Slight
A00987,2022-05-11,North,Fog,Motorway,30,1,0,Slight
A01741,2022-05-11,East,Fog,Motorway,40,1,0,Slight
A00082,2022-05-12,North,Fog,Urban,60,1,1,Slight
A00774,2022-05-12,North,Rain,Urban,30,2,1,Slight
A01465,2022-05-12,South,Rain,Rural,60,2,1,Slight
A01494,2022-05-14,South,Rain,Rural,40,1,1,Slight
A00843,2022-05-14,West,Clear,Motorway,40,4,3,Serious
A00029,2022-05-17,West,Rain,Rural,70,2,1,Slight
A01372,2022-05-17,East,Clear,Rural,60,3,2,Slight
A01341,2022-05-17,North,Fog,Urban,60,1,0,Slight
A01091,2022-05-18,South,Clear,Motorway,40,4,2,Slight
A01755,2022-05-18,North,Rain,Motorway,60,2,0,Slight
A00837,2022-05-18,East,Rain,Rural,30,3,2,Slight
A00147,2022-05-19,South,Rain,Urban,40,4,1,Slight
A00849,2022-05-20,East,Fog,Urban,60,3,0,Slight
A01693,2022-05-20,South,Rain,Urban,60,1,1,Slight
A01322,2022-05-20,East,Fog,Rural,70,2,1,Slight
A01727,2022-05-22,North,Rain,Rural,70,3,1,Slight
A00181,2022-05-22,North,Rain,Urban,60,1,0,Slight
A00833,2022-05-23,South,Rain,Rural,60,2,0,Slight
A01577,2022-05-23,East,Rain,Urban,30,4,0,Slight
A00157,2022-05-24,South,Rain,Urban,40,2,3,Serious
A00086,2022-05-25,West,Rain,Rural,60,3,0,Slight
A00899,2022-05-25,West,Rain,Rural,40,1,0,Slight
A01580,2022-05-25,South,Rain,Motorway,30,3,1,Slight
A00242,2022-05-26,North,Clear,Motorway,40,4,2,Slight
A01651,2022-05-26,East,Rain,Rural,30,4,1,Slight
A01752,2022-05-26,West,Rain,Motorway,70,4,2,Slight
A01710,2022-05-26,West,Clear,Rural,40,4,1,Slight
A01105,2022-05-26,South,Rain,Motorway,30,2,1,Slight
A00250,2022-05-27,South,Clear,Motorway,30,3,2,Slight
A01173,2022-05-27,West,Clear,Motorway,40,2,1,Slight
A00915,2022-05-27,South,Clear,Urban,60,2,1,Slight
A00449,2022-05-27,South,Rain,Motorway,70,3,3,Serious
A00399,2022-05-28,North,Fog,Rural,60,4,3,Serious
A01163,2022-05-29,East,Clear,Rural,60,3,4,Serious
A00015,2022-05-29,East,Rain,Rural,40,2,0,Slight
A01615,2022-05-29,West,Rain,Urban,70,3,1,Slight
A00601,2022-05-30,East,Rain,Rural,60,4,0,Slight
A01119,2022-05-30,East,Rain,Motorway,70,3,1,Slight
A00807,2022-05-31,East,Fog,Urban,60,1,3,Serious
A00473,2022-06-01,East,Rain,Motorway,70,1,0,Slight
A00844,2022-06-01,South,Rain,Urban,40,4,2,Slight
A01754,2022-06-02,South,Clear,Urban,60,4,1,Slight
A00520,2022-06-02,East,Clear,Motorway,60,1,2,Slight
A01002,2022-06-03,South,Rain,Urban,40,3,1,Slight
A00237,2022-06-04,North,Rain,Rural,70,2,1,Slight
A01507,2022-06-05,West,Rain,Motorway,40,3,3,Serious
A00475,2022-06-05,East,Clear,Motorway,60,3,1,Slight
A01427,2022-06-06,West,Rain,Rural,70,4,0,Slight
A01531,2022-06-08,East,Clear,Urban,60,2,0,Slight
A00545,2022-06-09,North,Fog,Motorway,70,2,0,Slight
A00592,2022-06-10,North,Clear,Rural,40,4,1,Slight
A01319,2022-06-10,South,Clear,Rural,70,3,3,Serious
A01151,2022-06-11,South,Clear,Motorway,40,2,1,Slight
A00092,2022-06-11,South,Fog,Urban,60,2,3,Serious
A01598,2022-06-12,North,Rain,Urban,60,1,2,Slight
A00022,2022-06-12,West,Fog,Motorway,70,2,2,Slight
A00619,2022-06-13,South,Fog,Rural,70,1,1,Slight
A01047,2022-06-13,East,Rain,Rural,40,2,0,Slight
A01034,2022-06-13,South,Rain,Rural,70,3,1,Slight
A01493,2022-06-14,North,Fog,Urban,70,1,0,Slight
A01518,2022-06-15,East,Rain,Rural,70,4,0,Slight
A00389,2022-06-15,East,Fog,Urban,60,3,3,Serious
A00727,2022-06-16,North,Rain,Rural,40,4,1,Slight
A01218,2022-06-16,West,Clear,Motorway,60,1,2,Slight
A00634,2022-06-19,North,Clear,Urban,60,2,2,Slight
A01391,2022-06-19,East,Rain,Rural,40,1,0,Slight
A00773,2022-06-19,East,Fog,Motorway,70,2,0,Slight
A00280,2022-06-19,North,Rain,Urban,40,4,3,Serious
A01478,2022-06-21,South,Fog,Motorway,40,1,0,Slight
A00193,2022-06-21,South,Fog,Motorway,30,1,0,Slight
A01617,2022-06-23,West,Fog,Motorway,40,1,0,Slight
A01431,2022-06-23,North,Fog,Urban,30,2,1,Slight
A00004,2022-06-24,South,Rain,Urban,40,1,2,Slight
A01713,2022-06-25,East,Rain,Motorway,40,3,4,Serious
A00190,2022-06-25,North,Clear,Urban,60,3,3,Serious
A01661,2022-06-25,West,Rain,Rural,40,3,1,Slight
A00673,2022-06-26,East,Rain,Urban,70,3,3,Serious
A01289,2022-06-26,South,Fog,Rural,40,1,2,Slight
A01523,2022-06-26,West,Rain,Rural,60,3,4,Serious
A01219,2022-06-26,North,Fog,Urban,60,2,1,Slight
A00106,2022-06-27,East,Fog,Urban,70,1,3,Serious
A00418,2022-06-27,North,Fog,Urban,70,3,1,Slight
A00162,2022-06-27,North,Fog,Rural,70,4,4,Serious
A00693,2022-06-28,North,Rain,Urban,40,4,2,Slight
A00832,2022-06-28,West,Clear,Rural,70,1,1,Slight
A00309,2022-06-28,West,Rain,Motorway,40,2,0,Slight
A00936,2022-06-29,South,Clear,Rural,70,2,3,Serious
A00950,2022-06-29,West,Clear,Rural,60,4,2,Slight
A00119,2022-06-30,East,Fog,Rural,70,1,0,Slight
A00671,2022-07-01,South,Rain,Motorway,30,4,2,Slight
A01796,2022-07-02,West,Fog,Motorway,60,3,2,Slight
A01138,2022-07-02,South,Rain,Rural,70,1,1,Slight
A00998,2022-07-02,South,Clear,Rural,70,2,2,Slight
A01695,2022-07-02,North,Rain,Motorway,70,1,1,Slight
A00474,2022-07-02,East,Rain,Rural,60,1,0,Slight
A01037,2022-07-03,South,Fog,Motorway,30,4,4,Serious
A00870,2022-07-03,West,Clear,Rural,40,3,4,Serious
A01705,2022-07-03,South,Rain,Motorway,60,1,2,Slight
A00296,2022-07-04,North,Rain,Urban,60,3,1,Slight
A01702,2022-07-04,North,Fog,Motorway,60,3,2,Slight
A00828,2022-07-05,West,Fog,Motorway,60,1,0,Slight
A00167,2022-07-06,North,Rain,Rural,70,4,2,Slight
A01718,2022-07-06,West,Rain,Urban,70,2,1,Slight
A01482,2022-07-07,East,Fog,Motorway,40,3,1,Slight
A01012,2022-07-07,West,Clear,Motorway,60,1,1,Slight
A01645,2022-07-08,East,Fog,Urban,60,4,0,Slight
A00470,2022-07-09,East,Clear,Motorway,70,2,0,Slight
A00382,2022-07-09,North,Fog,Motorway,30,1,1,Slight
A00516,2022-07-11,North,Rain,Urban,70,2,1,Slight
A00306,2022-07-11,East,Clear,Rural,70,3,2,Slight
A00171,2022-07-11,East,Fog,Urban,60,3,2,Slight
A00079,2022-07-11,North,Fog,Rural,40,2,2,Slight
A01530,2022-07-12,South,Rain,Motorway,30,4,4,Serious
A00890,2022-07-13,South,Rain,Rural,60,1,0,Slight
A00923,2022-07-15,South,Rain,Urban,40,3,4,Serious
A01293,2022-07-16,West,Fog,Motorway,30,3,3,Serious
A01083,2022-07-16,East,Fog,Urban,30,3,5,Serious
A00085,2022-07-17,North,Fog,Urban,60,2,0,Slight
A01594,2022-07-18,West,Clear,Urban,30,4,0,Slight
A00560,2022-07-18,South,Rain,Rural,70,2,1,Slight
A01350,2022-07-19,North,Rain,Motorway,40,3,2,Slight
A00795,2022-07-19,West,Clear,Rural,70,1,1,Slight
A01043,2022-07-19,South,Fog,Motorway,70,1,0,Slight
A00104,2022-07-19,East,Rain,Rural,40,1,0,Slight
A01000,2022-07-19,South,Fog,Motorway,60,2,2,Slight
A00791,2022-07-20,East,Rain,Urban,70,4,5,Serious
A00489,2022-07-21,North,Fog,Rural,40,1,0,Slight
A00669,2022-07-21,South,Fog,Rural,70,4,3,Serious
A01221,2022-07-21,East,Clear,Motorway,40,3,2,Slight
A00888,2022-07-22,West,Clear,Urban,30,1,2,Slight
A01181,2022-07-22,North,Clear,Rural,40,1,0,Slight
A00429,2022-07-23,East,Rain,Rural,70,1,0,Slight
A00390,2022-07-23,West,Rain,Motorway,40,3,3,Serious
A00226,2022-07-24,West,Rain,Urban,40,4,1,Slight
A00460,2022-07-24,South,Fog,Motorway,30,2,0,Slight
A00499,2022-07-25,East,Clear,Motorway,30,2,1,Slight
A01089,2022-07-25,East,Rain,Rural,70,2,0,Slight
A00244,2022-07-25,South,Clear,Rural,70,3,0,Slight
A00251,2022-07-25,West,Clear,Motorway,60,4,0,Slight
A01234,2022-07-26,West,Rain,Rural,60,3,1,Slight
A00307,2022-07-28,West,Rain,Motorway,30,3,0,Slight
A01438,2022-07-30,East,Clear,Rural,30,4,2,Slight
A01387,2022-07-30,East,Clear,Urban,30,3,2,Slight
A01476,2022-08-01,West,Fog,Urban,30,4,1,Slight
A00073,2022-08-01,South,Fog,Rural,40,4,0,Slight
A01121,2022-08-03,North,Rain,Motorway,30,3,2,Slight
A01308,2022-08-05,South,Fog,Urban,30,1,0,Slight
A00168,2022-08-05,South,Rain,Motorway,60,3,2,Slight
A00081,2022-08-06,North,Clear,Rural,70,2,2,Slight
A01432,2022-08-06,East,Clear,Motorway,60,3,2,Slight
A01170,2022-08-07,North,Clear,Urban,60,1,1,Slight
A01616,2022-08-07,North,Fog,Motorway,40,4,3,Serious
A00213,2022-08-07,West,Rain,Motorway,40,1,1,Slight
A00381,2022-08-07,South,Clear,Motorway,60,2,0,Slight
A00248,2022-08-08,East,Clear,Rural,40,4,1,Slight
A01183,2022-08-08,North,Rain,Rural,70,1,1,Slight
A00754,2022-08-09,North,Fog,Rural,40,1,0,Slight
A01011,2022-08-10,South,Fog,Rural,40,1,4,Serious
A01451,2022-08-10,East,Rain,Rural,40,2,1,Slight
A00021,2022-08-11,North,Rain,Urban,70,3,1,Slight
A00876,2022-08-11,East,Fog,Urban,30,4,1,Slight
A01540,2022-08-12,South,Fog,Motorway,40,2,2,Slight
A00871,2022-08-12,North,Fog,Urban,60,4,1,Slight
A01670,2022-08-13,West,Fog,Motorway,40,4,1,Slight
A00683,2022-08-13,East,Fog,Rural,30,2,1,Slight
A00367,2022-08-14,South,Rain,Rural,30,4,1,Slight
A00739,2022-08-14,West,Fog,Motorway,60,4,0,Slight
A01190,2022-08-14,East,Rain,Urban,60,1,1,Slight
A01324,2022-08-15,South,Rain,Urban,70,2,3,Serious
A01294,2022-08-16,South,Clear,Rural,30,3,1,Slight
A00761,2022-08-17,West,Fog,Urban,70,3,3,Serious
A01760,2022-08-17,East,Clear,Urban,70,3,1,Slight
A00695,2022-08-17,East,Rain,Motorway,70,4,1,Slight
A00848,2022-08-19,South,Rain,Rural,40,2,2,Slight
A01033,2022-08-19,South,Clear,Urban,60,2,1,Slight
A00343,2022-08-20,South,Fog,Urban,40,1,0,Slight
A01766,2022-08-21,South,Fog,Motorway,40,4,0,Slight
A00138,2022-08-21,East,Rain,Motorway,70,4,3,Serious
A00991,2022-08-21,East,Rain,Motorway,40,4,1,Slight
A00316,2022-08-22,West,Fog,Motorway,60,2,0,Slight
A01045,2022-08-23,West,Fog,Motorway,40,4,2,Slight
A01604,2022-08-23,South,Clear,Motorway,70,4,4,Serious
A01553,2022-08-23,North,Clear,Motorway,40,4,3,Serious
A01292,2022-08-23,West,Rain,Urban,40,3,1,Slight
A00458,2022-08-23,East,Rain,Urban,30,2,3,Serious
A00361,2022-08-25,West,Rain,Motorway,40,4,3,Serious
A01791,2022-08-25,South,Fog,Motorway,40,2,2,Slight
A01443,2022-08-26,West,Rain,Motorway,40,1,0,Slight
A00438,2022-08-27,North,Fog,Rural,30,2,2,Slight
A01417,2022-08-28,East,Rain,Urban,30,3,3,Serious
A00859,2022-08-29,South,Clear,Urban,30,1,2,Slight
A01700,2022-08-30,East,Clear,Rural,60,3,4,Serious
A00439,2022-08-31,North,Clear,Urban,70,3,0,Slight
A00025,2022-08-31,South,Clear,Urban,40,3,1,Slight
A01168,2022-09-01,North,Rain,Rural,30,4,7,Serious
A00903,2022-09-01,East,Clear,Urban,30,3,3,Serious
A01017,2022-09-01,North,Clear,Motorway,30,2,0,Slight
A00427,2022-09-04,South,Clear,Rural,30,3,3,Serious
A01709,2022-09-04,East,Clear,Motorway,70,2,1,Slight
A01551,2022-09-04,East,Clear,Motorway,60,3,2,Slight
A01371,2022-09-05,East,Fog,Rural,70,1,1,Slight
A00924,2022-09-07,North,Fog,Rural,30,1,2,Slight
A00623,2022-09-07,West,Rain,Urban,60,3,1,Slight
A01010,2022-09-07,East,Fog,Rural,60,4,2,Slight
A01075,2022-09-08,West,Rain,Motorway,70,1,0,Slight
A01414,2022-09-09,North,Clear,Rural,70,1,2,Slight
A00642,2022-09-10,East,Clear,Rural,30,3,2,Slight
A01772,2022-09-10,South,Fog,Motorway,70,3,0,Slight
A00975,2022-09-10,West,Clear,Rural,60,2,1,Slight
A01627,2022-09-11,West,Clear,Urban,60,4,3,Serious
A00639,2022-09-12,South,Fog,Motorway,40,4,3,Serious
A00867,2022-09-13,East,Rain,Motorway,30,1,1,Slight
A01299,2022-09-14,South,Rain,Urban,60,3,2,Slight
A00504,2022-09-14,South,Clear,Motorway,70,2,1,Slight
A00947,2022-09-15,South,Fog,Rural,60,2,2,Slight
A01256,2022-09-15,South,Rain,Rural,30,2,2,Slight
A00647,2022-09-17,South,Fog,Motorway,70,3,1,Slight
A01074,2022-09-17,South,Rain,Urban,60,4,1,Slight
A01764,2022-09-17,East,Clear,Rural,60,4,3,Serious
A01477,2022-09-18,South,Fog,Rural,30,3,1,Slight
A01295,2022-09-18,East,Rain,Rural,40,3,3,Serious
A01676,2022-09-18,West,Clear,Urban,70,4,3,Serious
A00682,2022-09-19,South,Rain,Motorway,30,4,1,Slight
A00120,2022-09-20,West,Rain,Urban,40,2,2,Slight
A01026,2022-09-21,East,Rain,Rural,60,3,4,Serious
A01735,2022-09-21,East,Fog,Urban,40,4,0,Slight
A01323,2022-09-21,East,Rain,Urban,30,1,0,Slight
A01207,2022-09-22,South,Rain,Motorway,60,4,2,Slight
A00203,2022-09-24,North,Rain,Urban,60,3,0,Slight
A01003,2022-09-25,South,Clear,Rural,70,3,3,Serious
A00282,2022-09-26,South,Fog,Motorway,60,1,1,Slight
A01694,2022-09-26,South,Clear,Urban,60,1,0,Slight
A01242,2022-09-27,South,Fog,Motorway,40,4,1,Slight
A00518,2022-09-27,East,Clear,Motorway,40,3,3,Serious
A00922,2022-09-28,West,Clear,Motorway,30,1,0,Slight
A00459,2022-09-28,South,Fog,Motorway,40,4,1,Slight
A00067,2022-09-29,East,Clear,Rural,40,3,2,Slight
A01393,2022-09-29,South,Rain,Motorway,70,4,6,Serious
A01193,2022-09-30,South,Clear,Motorway,40,1,0,Slight
A00009,2022-09-30,East,Fog,Rural,40,2,1,Slight
A00966,2022-10-01,West,Rain,Motorway,60,4,0,Slight
A00329,2022-10-01,South,Clear,Motorway,60,1,1,Slight
A00254,2022-10-02,West,Fog,Rural,60,2,1,Slight
A00540,2022-10-03,North,Rain,Motorway,40,1,3,Serious
A01520,2022-10-03,West,Rain,Urban,30,3,1,Slight
A00139,2022-10-04,East,Rain,Rural,60,3,1,Slight
A01552,2022-10-05,East,Rain,Urban,40,3,1,Slight
A01459,2022-10-06,South,Rain,Motorway,60,4,1,Slight
A00052,2022-10-06,East,Rain,Motorway,70,2,1,Slight
A00866,2022-10-06,North,Rain,Rural,60,1,0,Slight
A01084,2022-10-06,North,Clear,Rural,30,3,3,Serious
A01681,2022-10-07,North,Rain,Motorway,60,4,5,Serious
A01136,2022-10-07,North,Clear,Rural,30,1,0,Slight
A00616,2022-10-07,South,Rain,Rural,40,1,0,Slight
A00058,2022-10-08,South,Rain,Urban,70,1,1,Slight
A00809,2022-10-08,West,Rain,Motorway,60,3,1,Slight
A00259,2022-10-09,West,Rain,Urban,60,2,1,Slight
A00781,2022-10-09,South,Rain,Rural,60,3,1,Slight
A01160,2022-10-09,North,Fog,Urban,40,1,2,Slight
A01418,2022-10-11,North,Fog,Rural,30,3,1,Slight
A01275,2022-10-12,East,Rain,Motorway,30,4,3,Serious
A01425,2022-10-13,East,Fog,Rural,30,4,1,Slight
A00802,2022-10-15,South,Clear,Motorway,70,3,1,Slight
A00678,2022-10-15,South,Rain,Urban,70,3,1,Slight
A01495,2022-10-16,South,Rain,Motorway,70,1,1,Slight
A00432,2022-10-16,East,Clear,Rural,40,3,0,Slight
A01239,2022-10-16,North,Fog,Urban,30,1,0,Slight
A00445,2022-10-17,East,Rain,Motorway,70,2,4,Serious
A01304,2022-10-17,North,Clear,Rural,60,2,0,Slight
A00805,2022-10-17,North,Clear,Urban,70,2,2,Slight
A00963,2022-10-17,East,Fog,Rural,30,1,0,Slight
A01636,2022-10-19,South,Fog,Motorway,70,4,4,Serious
A01440,2022-10-20,West,Rain,Urban,70,2,1,Slight
A00944,2022-10-20,East,Fog,Motorway,70,4,2,Slight
A00379,2022-10-20,West,Clear,Motorway,70,1,0,Slight
A00863,2022-10-21,West,Clear,Rural,60,1,1,Slight
A01199,2022-10-22,North,Clear,Rural,30,1,0,Slight
A01395,2022-10-22,West,Rain,Rural,30,4,3,Serious
A01532,2022-10-23,South,Fog,Motorway,30,2,0,Slight
A00408,2022-10-24,South,Fog,Motorway,60,2,1,Slight
A01195,2022-10-24,North,Fog,Motorway,60,1,0,Slight
A01696,2022-10-24,East,Rain,Motorway,70,2,2,Slight
A00375,2022-10-25,West,Rain,Rural,70,3,1,Slight
A00480,2022-10-25,West,Clear,Motorway,30,1,0,Slight
A01748,2022-10-26,South,Clear,Motorway,40,2,1,Slight
A00094,2022-10-26,East,Rain,Rural,30,4,0,Slight
A01411,2022-10-27,West,Clear,Rural,70,1,1,Slight
A01607,2022-10-28,South,Clear,Urban,40,1,0,Slight
A00074,2022-10-29,West,Fog,Rural,30,4,1,Slight
A00174,2022-10-29,South,Rain,Rural,30,4,0,Slight
A01333,2022-10-29,South,Clear,Urban,70,1,0,Slight
A00872,2022-10-29,South,Rain,Urban,40,4,1,Slight
A00044,2022-10-29,South,Rain,Motorway,60,1,0,Slight
A01620,2022-10-29,South,Fog,Urban,40,1,2,Slight
A00205,2022-10-29,South,Fog,Motorway,30,1,0,Slight
A00186,2022-10-31,North,Clear,Urban,40,4,4,Serious
A00476,2022-11-01,West,Rain,Urban,40,2,2,Slight
A01419,2022-11-01,South,Fog,Rural,60,1,0,Slight
A00425,2022-11-02,West,Rain,Rural,30,1,2,Slight
A01736,2022-11-02,South,Clear,Rural,70,3,0,Slight
A00198,2022-11-02,North,Rain,Motorway,70,4,0,Slight
A00419,2022-11-02,West,Rain,Rural,70,4,3,Serious
A01581,2022-11-04,East,Fog,Motorway,30,2,1,Slight
A01334,2022-11-05,North,Rain,Urban,60,2,2,Slight
A01051,2022-11-06,North,Clear,Rural,60,2,2,Slight
A00561,2022-11-06,West,Rain,Motorway,60,3,1,Slight
A01633,2022-11-07,West,Fog,Motorway,30,2,0,Slight
A00529,2022-11-07,West,Rain,Urban,60,3,1,Slight
A00901,2022-11-08,North,Fog,Urban,30,4,2,Slight
A01263,2022-11-08,South,Clear,Urban,30,2,3,Serious
A01537,2022-11-08,West,Fog,Motorway,40,1,0,Slight
A00638,2022-11-08,East,Rain,Motorway,70,1,0,Slight
A01055,2022-11-09,North,Rain,Urban,40,4,2,Slight
A01365,2022-11-09,West,Fog,Motorway,30,4,1,Slight
A00006,2022-11-09,North,Clear,Urban,60,4,3,Serious
A00824,2022-11-09,North,Rain,Motorway,40,3,3,Serious
A01621,2022-11-10,East,Rain,Rural,30,3,1,Slight
A00883,2022-11-10,South,Clear,Rural,70,4,2,Slight
A01201,2022-11-10,West,Rain,Urban,40,1,0,Slight
A00977,2022-11-12,East,Fog,Urban,30,4,3,Serious
A00364,2022-11-12,West,Clear,Motorway,30,1,3,Serious
A00577,2022-11-12,West,Rain,Motorway,60,3,2,Slight
A00034,2022-11-13,South,Fog,Rural,70,3,1,Slight
A00428,2022-11-16,East,Clear,Rural,40,1,0,Slight
A00769,2022-11-17,East,Rain,Rural,40,4,2,Slight
A00562,2022-11-17,North,Rain,Urban,70,4,1,Slight
A01194,2022-11-17,North,Rain,Rural,70,4,1,Slight
A00178,2022-11-18,East,Fog,Motorway,30,3,1,Slight
A01619,2022-11-19,North,Fog,Urban,30,3,2,Slight
A00125,2022-11-19,South,Rain,Motorway,40,2,2,Slight
A00145,2022-11-20,East,Rain,Rural,70,3,2,Slight
A01376,2022-11-20,North,Clear,Urban,40,2,1,Slight
A01343,2022-11-20,East,Fog,Urban,40,4,1,Slight
A00320,2022-11-20,East,Fog,Rural,30,1,0,Slight
A01230,2022-11-21,West,Rain,Motorway,60,4,4,Serious
A01624,2022-11-21,North,Rain,Urban,60,3,0,Slight
A00339,2022-11-22,West,Fog,Rural,40,2,1,Slight
A00784,2022-11-22,East,Rain,Rural,70,2,1,Slight
A00568,2022-11-22,North,Fog,Motorway,30,4,1,Slight
A00333,2022-11-23,South,Rain,Motorway,40,2,1,Slight
A01314,2022-11-24,South,Rain,Urban,30,4,1,Slight
A00800,2022-11-24,West,Clear,Motorway,40,3,0,Slight
A01657,2022-11-24,North,Rain,Rural,40,2,3,Serious
A01480,2022-11-25,West,Clear,Rural,70,1,0,Slight
A01098,2022-11-25,South,Clear,Rural,70,3,1,Slight
A01773,2022-11-26,North,Fog,Urban,60,1,0,Slight
A01649,2022-11-26,East,Rain,Motorway,70,4,0,Slight
A00365,2022-11-27,North,Fog,Motorway,60,2,0,Slight
A00779,2022-11-27,South,Rain,Motorway,60,3,4,Serious
A00275,2022-11-28,East,Rain,Urban,70,1,1,Slight
A00469,2022-11-28,South,Clear,Urban,60,3,1,Slight
A01514,2022-11-29,East,Rain,Urban,40,2,0,Slight
A01446,2022-11-30,West,Rain,Rural,60,1,0,Slight
A01782,2022-12-01,North,Rain,Rural,40,4,4,Serious
A00265,2022-12-01,East,Fog,Rural,40,1,0,Slight
A01464,2022-12-02,South,Rain,Rural,70,4,1,Slight
A01274,2022-12-03,West,Clear,Motorway,60,1,1,Slight
A01008,2022-12-04,East,Clear,Motorway,60,1,2,Slight
A01114,2022-12-04,North,Fog,Motorway,40,1,0,Slight
A01363,2022-12-05,West,Fog,Rural,30,4,1,Slight
A01406,2022-12-06,North,Clear,Urban,70,2,1,Slight
A01413,2022-12-06,North,Fog,Motorway,60,2,2,Slight
A00933,2022-12-06,South,Fog,Rural,60,4,2,Slight
A01078,2022-12-08,West,Fog,Rural,30,1,2,Slight
A00934,2022-12-09,East,Rain,Motorway,70,4,2,Slight
A00740,2022-12-10,North,Clear,Rural,70,4,2,Slight
A01399,2022-12-11,East,Rain,Motorway,70,4,0,Slight
A00442,2022-12-12,East,Clear,Urban,70,2,1,Slight
A00793,2022-12-12,East,Rain,Motorway,60,1,0,Slight
A01442,2022-12-12,East,Rain,Motorway,60,4,2,Slight
A01018,2022-12-12,East,Fog,Rural,70,2,0,Slight
A01282,2022-12-12,North,Rain,Urban,60,1,0,Slight
A01224,2022-12-12,West,Rain,Rural,70,4,3,Serious
A01031,2022-12-13,North,Rain,Rural,30,4,2,Slight
A00608,2022-12-14,South,Fog,Urban,60,3,0,Slight
A00431,2022-12-15,South,Fog,Urban,40,4,1,Slight
A01166,2022-12-15,South,Fog,Urban,40,4,2,Slight
A01229,2022-12-16,South,Fog,Motorway,40,1,1,Slight
A01758,2022-12-17,East,Rain,Rural,40,1,1,Slight
A01533,2022-12-18,West,Clear,Motorway,60,3,3,Serious
A00691,2022-12-18,East,Fog,Rural,70,2,0,Slight
A00278,2022-12-20,West,Rain,Motorway,70,1,0,Slight
A01787,2022-12-21,North,Clear,Urban,30,4,1,Slight
A00827,2022-12-21,South,Rain,Urban,30,1,0,Slight
A00776,2022-12-22,East,Rain,Rural,40,4,0,Slight
A01410,2022-12-22,East,Fog,Motorway,40,1,0,Slight
A01061,2022-12-23,West,Clear,Rural,30,2,1,Slight
A01053,2022-12-23,West,Clear,Motorway,30,2,0,Slight
A01153,2022-12-23,North,Fog,Rural,30,3,3,Serious
A01348,2022-12-23,West,Fog,Rural,30,1,0,Slight
A01640,2022-12-23,South,Rain,Rural,40,1,1,Slight
A01392,2022-12-24,North,Clear,Motorway,70,4,2,Slight
A00396,2022-12-25,West,Clear,Rural,30,2,3,Serious
A01065,2022-12-25,South,Fog,Rural,40,2,2,Slight
A01159,2022-12-25,North,Clear,Urban,70,3,1,Slight
A00730,2022-12-25,North,Rain,Urban,70,1,3,Serious
A01305,2022-12-26,East,Clear,Motorway,70,4,1,Slight
A00393,2022-12-26,North,Clear,Motorway,30,4,2,Slight
A00080,2022-12-27,North,Fog,Motorway,40,1,0,Slight
A00258,2022-12-29,North,Rain,Motorway,60,4,3,Serious
A01227,2022-12-30,East,Clear,Urban,40,4,5,Serious
A00049,2022-12-31,North,Rain,Rural,40,4,2,Slight
A01073,2023-01-01,East,Rain,Rural,60,3,2,Slight
A00055,2023-01-02,South,Clear,Rural,70,3,1,Slight
A01035,2023-01-02,South,Clear,Rural,60,1,0,Slight
A00462,2023-01-02,North,Fog,Motorway,60,2,2,Slight
A01029,2023-01-03,East,Rain,Motorway,30,1,1,Slight
A00571,2023-01-05,North,Fog,Rural,60,4,0,Slight
A00710,2023-01-05,South,Fog,Motorway,30,1,3,Serious
A00587,2023-01-07,East,Fog,Motorway,60,4,4,Serious
A00659,2023-01-08,West,Clear,Urban,60,1,0,Slight
A01059,2023-01-08,East,Fog,Rural,70,3,0,Slight
A01786,2023-01-08,West,Rain,Rural,60,4,1,Slight
A01237,2023-01-09,West,Fog,Rural,70,1,1,Slight
A01019,2023-01-10,East,Rain,Rural,30,4,2,Slight
A00201,2023-01-12,South,Clear,Rural,70,3,2,Slight
A00437,2023-01-13,West,Rain,Rural,40,4,0,Slight
A01521,2023-01-13,North,Rain,Rural,30,1,0,Slight
A01104,2023-01-15,South,Clear,Urban,70,4,2,Slight
A01461,2023-01-15,North,Fog,Urban,60,3,2,Slight
A01698,2023-01-15,West,Rain,Motorway,70,1,2,Slight
A01578,2023-01-16,East,Rain,Motorway,70,2,2,Slight
A01522,2023-01-16,West,Rain,Rural,60,2,0,Slight
A01498,2023-01-16,North,Fog,Urban,60,1,0,Slight
A00665,2023-01-16,East,Clear,Motorway,70,3,0,Slight
A00557,2023-01-16,North,Clear,Motorway,40,4,0,Slight
A00159,2023-01-17,South,Rain,Motorway,40,2,0,Slight
A00269,2023-01-17,North,Fog,Urban,40,2,1,Slight
A00223,2023-01-17,South,Fog,Motorway,40,3,1,Slight
A00084,2023-01-18,North,Fog,Motorway,30,2,0,Slight
A01335,2023-01-18,West,Clear,Urban,70,1,0,Slight
A01428,2023-01-19,South,Rain,Rural,40,2,0,Slight
A00249,2023-01-19,West,Fog,Motorway,60,3,1,Slight
A01200,2023-01-19,South,Rain,Motorway,60,3,0,Slight
A00371,2023-01-19,North,Rain,Rural,40,3,0,Slight
A00435,2023-01-20,North,Fog,Urban,40,1,1,Slight
A01225,2023-01-20,South,Rain,Urban,30,3,1,Slight
A01789,2023-01-20,West,Fog,Urban,40,3,1,Slight
A00864,2023-01-21,North,Fog,Motorway,30,3,1,Slight
A01126,2023-01-21,East,Rain,Urban,30,2,0,Slight
A00118,2023-01-22,East,Fog,Rural,30,4,2,Slight
A00654,2023-01-22,East,Fog,Rural,60,1,0,Slight
A00380,2023-01-23,South,Rain,Motorway,60,4,2,Slight
A00057,2023-01-23,West,Rain,Urban,30,4,0,Slight
A00696,2023-01-25,East,Fog,Rural,40,3,1,Slight
A01123,2023-01-26,South,Fog,Rural,60,1,1,Slight
A01400,2023-01-26,West,Fog,Motorway,30,4,2,Slight
A01152,2023-01-27,West,Rain,Urban,60,3,2,Slight
A01217,2023-01-27,West,Clear,Rural,30,2,0,Slight
A00723,2023-01-28,North,Fog,Urban,30,1,1,Slight
A00257,2023-01-28,East,Rain,Rural,30,1,1,Slight
A00737,2023-01-28,West,Rain,Urban,40,1,1,Slight
A01005,2023-01-28,East,Rain,Rural,40,3,2,Slight
A01412,2023-01-28,North,Fog,Motorway,60,3,2,Slight
A00457,2023-01-29,South,Fog,Urban,60,1,0,Slight
A00352,2023-01-30,North,Clear,Motorway,40,4,1,Slight
A00443,2023-01-30,East,Fog,Urban,40,2,1,Slight
A01779,2023-02-02,East,Fog,Motorway,30,4,1,Slight
A01024,2023-02-02,East,Clear,Rural,30,1,0,Slight
A01062,2023-02-03,West,Clear,Urban,40,3,1,Slight
A01677,2023-02-04,South,Rain,Rural,30,1,1,Slight
A01052,2023-02-04,South,Clear,Urban,70,2,2,Slight
A01749,2023-02-05,East,Rain,Motorway,30,3,1,Slight
A01009,2023-02-06,North,Clear,Motorway,60,4,1,Slight
A01720,2023-02-07,East,Rain,Urban,40,3,0,Slight
A00584,2023-02-08,North,Clear,Motorway,60,3,0,Slight
A00982,2023-02-08,North,Rain,Urban,60,2,0,Slight
A00234,2023-02-09,East,Rain,Motorway,70,2,1,Slight
A01130,2023-02-09,West,Rain,Motorway,40,2,2,Slight
A00362,2023-02-10,East,Clear,Motorway,60,4,0,Slight
A01745,2023-02-10,North,Clear,Motorway,60,1,1,Slight
A01321,2023-02-10,East,Clear,Motorway,60,2,2,Slight
A00109,2023-02-10,South,Clear,Rural,60,1,0,Slight
A01374,2023-02-12,East,Clear,Urban,40,3,2,Slight
A01725,2023-02-12,East,Clear,Rural,40,4,3,Serious
A01238,2023-02-12,East,Fog,Rural,40,1,2,Slight
A00310,2023-02-13,West,Rain,Urban,70,4,3,Serious
A01377,2023-02-15,East,Clear,Urban,70,4,1,Slight
A00076,2023-02-15,South,Clear,Motorway,70,4,2,Slight
A01297,2023-02-16,South,Fog,Urban,70,1,0,Slight
A00401,2023-02-17,West,Rain,Motorway,40,1,0,Slight
A00386,2023-02-19,North,Clear,Urban,60,1,1,Slight
A00732,2023-02-19,West,Clear,Motorway,60,1,0,Slight
A00992,2023-02-19,North,Fog,Urban,70,1,1,Slight
A00245,2023-02-20,West,Fog,Rural,40,4,3,Serious
A00581,2023-02-20,South,Rain,Motorway,60,2,1,Slight
A00782,2023-02-21,East,Rain,Urban,40,4,0,Slight
A00110,2023-02-21,East,Clear,Rural,60,1,1,Slight
A00441,2023-02-23,East,Rain,Rural,30,4,2,Slight
A00164,2023-02-26,South,Rain,Motorway,60,2,2,Slight
A00461,2023-02-27,West,Rain,Motorway,60,2,0,Slight
A01131,2023-02-27,North,Fog,Rural,40,1,1,Slight
A00582,2023-02-27,West,Clear,Rural,60,3,0,Slight
A01722,2023-02-28,North,Fog,Rural,60,4,0,Slight
A00340,2023-03-01,North,Rain,Rural,70,1,1,Slight
A00301,2023-03-02,West,Fog,Urban,30,3,0,Slight
A00287,2023-03-02,North,Fog,Urban,40,4,6,Serious
A00208,2023-03-03,North,Fog,Motorway,30,2,2,Slight
A00997,2023-03-03,East,Rain,Motorway,70,4,0,Slight
A00595,2023-03-04,East,Fog,Urban,30,2,2,Slight
A01688,2023-03-04,East,Rain,Rural,60,1,0,Slight
A01559,2023-03-04,East,Fog,Rural,30,3,2,Slight
A01697,2023-03-04,South,Fog,Urban,30,4,4,Serious
A00088,2023-03-04,East,Fog,Urban,40,4,1,Slight
A00222,2023-03-05,East,Fog,Rural,40,3,1,Slight
A00321,2023-03-05,West,Rain,Urban,60,3,1,Slight
A01635,2023-03-05,South,Clear,Urban,30,4,1,Slight
A00817,2023-03-05,North,Fog,Motorway,30,1,0,Slight
A01064,2023-03-05,West,Fog,Rural,60,4,2,Slight
A00629,2023-03-05,West,Rain,Rural,40,4,1,Slight
A00142,2023-03-06,East,Fog,Rural,30,1,0,Slight
A01776,2023-03-06,South,Clear,Motorway,60,1,0,Slight
A01777,2023-03-07,West,Rain,Rural,40,3,1,Slight
A01784,2023-03-07,South,Rain,Motorway,30,4,1,Slight
A00218,2023-03-07,North,Fog,Urban,70,4,1,Slight
A01738,2023-03-07,North,Rain,Rural,60,2,2,Slight
A01631,2023-03-08,North,Clear,Urban,40,3,1,Slight
A01479,2023-03-08,East,Rain,Motorway,40,2,0,Slight
A01235,2023-03-08,South,Clear,Urban,30,2,1,Slight
A01506,2023-03-09,North,Rain,Urban,70,3,3,Serious
A00921,2023-03-10,West,Rain,Rural,60,3,2,Slight
A00626,2023-03-10,West,Fog,Urban,70,3,1,Slight
A01204,2023-03-10,South,Fog,Motorway,30,4,3,Serious
A00686,2023-03-10,West,Rain,Rural,70,2,0,Slight
A00284,2023-03-11,South,Fog,Urban,70,4,1,Slight
A01329,2023-03-11,West,Fog,Motorway,40,4,1,Slight
A01386,2023-03-12,South,Clear,Rural,60,4,0,Slight
A01096,2023-03-13,South,Clear,Rural,30,3,1,Slight
A00760,2023-03-13,East,Clear,Rural,30,3,1,Slight
A01644,2023-03-13,North,Rain,Urban,30,3,0,Slight
A00256,2023-03-14,North,Fog,Rural,60,1,0,Slight
A00645,2023-03-14,South,Rain,Motorway,40,1,1,Slight
A00806,2023-03-14,South,Clear,Urban,30,4,0,Slight
A00436,2023-03-14,East,Clear,Motorway,40,4,3,Serious
A01488,2023-03-14,South,Fog,Urban,70,1,0,Slight
A00660,2023-03-15,East,Rain,Motorway,40,2,1,Slight
A01328,2023-03-15,South,Rain,Rural,60,1,0,Slight
A00600,2023-03-15,South,Fog,Urban,60,1,0,Slight
A00797,2023-03-15,West,Rain,Motorway,40,4,2,Slight
A01203,2023-03-16,South,Fog,Urban,70,2,2,Slight
A00578,2023-03-17,North,Fog,Urban,70,4,1,Slight
A00040,2023-03-17,North,Fog,Urban,60,2,3,Serious
A01385,2023-03-17,West,Rain,Motorway,30,2,3,Serious
A01258,2023-03-17,South,Rain,Motorway,40,1,0,Slight
A00703,2023-03-18,North,Fog,Rural,60,3,2,Slight
A01737,2023-03-19,North,Fog,Motorway,70,3,1,Slight
A01655,2023-03-19,North,Fog,Urban,30,1,1,Slight
A01585,2023-03-19,East,Rain,Rural,60,2,1,Slight
A01574,2023-03-20,East,Clear,Motorway,30,2,0,Slight
A00566,2023-03-21,East,Clear,Motorway,60,1,1,Slight
A00618,2023-03-22,West,Fog,Motorway,60,1,1,Slight
A01358,2023-03-22,East,Fog,Urban,40,2,2,Slight
A01441,2023-03-23,East,Clear,Rural,70,1,1,Slight
A00370,2023-03-23,East,Fog,Motorway,40,3,1,Slight
A01246,2023-03-24,North,Clear,Rural,70,3,2,Slight
A01342,2023-03-26,North,Rain,Rural,60,4,2,Slight
A01213,2023-03-27,East,Fog,Urban,30,3,0,Slight
A01143,2023-03-27,West,Rain,Rural,60,3,1,Slight
A00822,2023-03-27,North,Clear,Rural,60,2,1,Slight
A01016,2023-03-28,South,Rain,Rural,60,3,1,Slight
A00005,2023-03-30,South,Fog,Motorway,40,2,2,Slight
A00877,2023-03-30,North,Rain,Motorway,40,4,1,Slight
A01093,2023-03-30,North,Clear,Rural,70,4,1,Slight
A01396,2023-03-30,West,Rain,Rural,30,1,1,Slight
A00313,2023-03-31,East,Rain,Urban,30,1,1,Slight
A01262,2023-03-31,North,Rain,Motorway,30,3,4,Serious
A00348,2023-03-31,North,Rain,Urban,40,3,2,Slight
A01547,2023-04-01,South,Clear,Motorway,70,1,1,Slight
A00395,2023-04-02,West,Clear,Rural,40,2,2,Slight
A01557,2023-04-03,West,Fog,Urban,40,3,1,Slight
A00406,2023-04-03,South,Fog,Motorway,70,1,2,Slight
A00738,2023-04-06,South,Rain,Urban,60,4,0,Slight
A00051,2023-04-08,East,Clear,Motorway,60,1,2,Slight
A01434,2023-04-08,East,Clear,Urban,40,4,3,Serious
A00215,2023-04-08,East,Fog,Urban,60,1,1,Slight
A00346,2023-04-08,West,Fog,Motorway,40,1,1,Slight
A00532,2023-04-09,East,Rain,Motorway,60,3,0,Slight
A01134,2023-04-09,West,Rain,Rural,30,3,4,Serious
A00945,2023-04-10,North,Clear,Motorway,60,3,3,Serious
A00239,2023-04-10,East,Clear,Urban,60,4,1,Slight
A01566,2023-04-11,West,Rain,Rural,60,4,4,Serious
A01251,2023-04-13,North,Clear,Urban,60,3,1,Slight
A00182,2023-04-15,East,Clear,Rural,70,2,0,Slight
A01369,2023-04-15,East,Rain,Urban,40,2,1,Slight
A00517,2023-04-15,North,Clear,Motorway,40,3,3,Serious
A01662,2023-04-16,North,Fog,Rural,30,3,1,Slight
A01739,2023-04-16,West,Fog,Urban,40,1,0,Slight
A00312,2023-04-16,North,Rain,Motorway,70,4,3,Serious
A00047,2023-04-17,South,Clear,Urban,30,1,1,Slight
A01543,2023-04-17,West,Rain,Rural,70,1,1,Slight
A01415,2023-04-18,East,Clear,Rural,30,4,3,Serious
A01109,2023-04-18,North,Clear,Motorway,60,2,0,Slight
A00823,2023-04-18,East,Clear,Motorway,30,4,0,Slight
A01079,2023-04-19,South,Clear,Rural,60,4,1,Slight
A01144,2023-04-20,West,Rain,Rural,40,1,0,Slight
A01542,2023-04-20,East,Fog,Urban,40,1,4,Serious
A00537,2023-04-21,South,Rain,Motorway,70,4,1,Slight
A00506,2023-04-21,South,Rain,Urban,60,3,1,Slight
A01270,2023-04-22,South,Rain,Urban,70,4,0,Slight
A01346,2023-04-23,North,Clear,Rural,70,3,1,Slight
A01638,2023-04-24,South,Fog,Urban,70,2,0,Slight
A00013,2023-04-24,North,Clear,Urban,30,4,1,Slight
A01087,2023-04-25,North,Fog,Rural,70,4,1,Slight
A00692,2023-04-25,West,Fog,Motorway,70,3,0,Slight
A01409,2023-04-25,East,Rain,Rural,40,3,0,Slight
A01658,2023-04-26,West,Clear,Motorway,70,4,0,Slight
A00450,2023-04-26,West,Rain,Urban,70,2,0,Slight
A00338,2023-04-28,West,Fog,Rural,70,1,1,Slight
A00160,2023-04-28,West,Fog,Urban,40,3,0,Slight
A00653,2023-04-28,South,Rain,Urban,70,1,0,Slight
A01762,2023-04-28,North,Clear,Rural,40,1,2,Slight
A01653,2023-04-29,South,Rain,Motorway,60,4,0,Slight
A01423,2023-04-29,West,Fog,Motorway,70,3,1,Slight
A01509,2023-04-30,South,Rain,Motorway,30,2,2,Slight
A01613,2023-05-01,West,Fog,Rural,60,1,1,Slight
A01751,2023-05-03,West,Rain,Urban,30,3,2,Slight
A00024,2023-05-04,East,Fog,Urban,70,2,1,Slight
A00758,2023-05-05,West,Fog,Urban,30,1,0,Slight
A00175,2023-05-07,West,Clear,Motorway,40,2,2,Slight
A01689,2023-05-08,South,Rain,Rural,30,2,1,Slight
A00098,2023-05-08,East,Rain,Rural,70,3,1,Slight
A01097,2023-05-10,North,Fog,Urban,70,4,1,Slight
A00631,2023-05-10,West,Fog,Motorway,30,2,3,Serious
A00264,2023-05-10,North,Clear,Motorway,40,3,2,Slight
A00477,2023-05-10,East,Rain,Rural,30,1,0,Slight
A00197,2023-05-11,South,Rain,Rural,60,4,1,Slight
A01280,2023-05-11,West,Fog,Rural,60,4,3,Serious
A00490,2023-05-12,North,Rain,Urban,30,1,0,Slight
A00786,2023-05-12,East,Clear,Motorway,60,1,1,Slight
A00550,2023-05-13,East,Fog,Urban,30,1,2,Slight
A00050,2023-05-13,South,Rain,Motorway,70,2,1,Slight
A01726,2023-05-16,East,Fog,Motorway,70,1,0,Slight
A01001,2023-05-16,West,Rain,Urban,60,1,0,Slight
A01719,2023-05-16,East,Rain,Rural,70,3,1,Slight
A00453,2023-05-18,East,Fog,Urban,40,3,0,Slight
A00697,2023-05-18,North,Clear,Motorway,40,2,1,Slight
A00498,2023-05-18,East,Fog,Motorway,30,2,2,Slight
A00847,2023-05-19,South,Fog,Urban,30,4,0,Slight
A00965,2023-05-19,West,Fog,Motorway,60,1,2,Slight
A00224,2023-05-19,North,Fog,Motorway,70,3,1,Slight
A00378,2023-05-20,South,Rain,Urban,60,3,2,Slight
A01157,2023-05-21,North,Rain,Rural,40,1,1,Slight
A01249,2023-05-22,North,Fog,Rural,30,2,2,Slight
A01265,2023-05-22,West,Rain,Rural,70,4,2,Slight
A00505,2023-05-22,West,Fog,Rural,60,3,1,Slight
A00059,2023-05-22,North,Clear,Rural,30,4,2,Slight
A01502,2023-05-24,North,Clear,Urban,30,3,0,Slight
A00512,2023-05-24,West,Clear,Urban,30,2,0,Slight
A01457,2023-05-24,East,Rain,Motorway,60,1,0,Slight
A01330,2023-05-25,South,Clear,Urban,70,3,1,Slight
A00158,2023-05-25,North,Clear,Rural,60,4,2,Slight
A00627,2023-05-25,South,Rain,Rural,60,4,0,Slight
A01082,2023-05-26,South,Clear,Motorway,30,1,1,Slight
A00868,2023-05-26,South,Rain,Motorway,70,1,3,Serious
A00646,2023-05-27,West,Clear,Urban,60,4,2,Slight
A01422,2023-05-27,South,Rain,Urban,70,1,0,Slight
A01452,2023-05-27,North,Clear,Rural,60,3,0,Slight
A00567,2023-05-27,South,Clear,Urban,30,4,3,Serious
A01148,2023-05-28,East,Clear,Motorway,60,1,0,Slight
A00643,2023-05-28,East,Clear,Urban,40,1,0,Slight
A00898,2023-05-29,South,Clear,Motorway,40,3,2,Slight
A01680,2023-05-29,North,Clear,Urban,60,4,2,Slight
A01390,2023-05-29,West,Clear,Motorway,40,3,2,Slight
A01757,2023-05-29,West,Rain,Urban,40,2,1,Slight
A00709,2023-05-29,South,Clear,Urban,40,3,0,Slight
A00900,2023-05-30,South,Rain,Urban,60,1,0,Slight
A00617,2023-05-30,North,Rain,Motorway,70,1,2,Slight
A00236,2023-05-30,South,Rain,Urban,70,4,1,Slight
A00035,2023-05-31,North,Rain,Rural,70,2,0,Slight
A01593,2023-05-31,East,Fog,Urban,40,4,2,Slight
A01315,2023-05-31,East,Rain,Motorway,60,2,2,Slight
A00733,2023-06-01,North,Rain,Motorway,30,4,0,Slight
A00713,2023-06-01,East,Fog,Urban,70,1,1,Slight
A00548,2023-06-01,East,Fog,Urban,60,1,2,Slight
A01576,2023-06-01,South,Rain,Urban,60,3,2,Slight
A00743,2023-06-02,East,Fog,Urban,30,4,4,Serious
A00865,2023-06-03,West,Fog,Rural,40,2,0,Slight
A00385,2023-06-03,North,Clear,Rural,60,3,1,Slight
A00815,2023-06-03,North,Clear,Urban,70,2,1,Slight
A01683,2023-06-04,East,Clear,Motorway,70,1,0,Slight
A00231,2023-06-04,East,Rain,Rural,40,2,1,Slight
A01247,2023-06-04,West,Clear,Motorway,40,1,0,Slight
A00755,2023-06-05,North,Fog,Rural,30,4,3,Serious
A01671,2023-06-05,East,Rain,Motorway,70,3,2,Slight
A00804,2023-06-05,North,Clear,Urban,60,1,1,Slight
A01458,2023-06-05,West,Clear,Rural,40,4,1,Slight
A01379,2023-06-07,East,Rain,Rural,30,2,1,Slight
A01622,2023-06-07,West,Clear,Urban,40,3,1,Slight
A00719,2023-06-08,North,Rain,Motorway,30,4,2,Slight
A00873,2023-06-08,North,Clear,Rural,70,1,0,Slight
A01579,2023-06-09,East,Rain,Motorway,30,1,0,Slight
A01517,2023-06-09,North,Rain,Motorway,60,2,0,Slight
A01678,2023-06-11,North,Clear,Rural,40,3,3,Serious
A01483,2023-06-12,East,Fog,Rural,60,1,3,Serious
A00983,2023-06-14,West,Clear,Rural,70,3,1,Slight
A00973,2023-06-15,South,Rain,Motorway,40,2,2,Slight
A01326,2023-06-15,North,Fog,Motorway,70,2,1,Slight
A00454,2023-06-15,East,Clear,Urban,40,1,1,Slight
A00116,2023-06-16,West,Rain,Rural,40,2,0,Slight
A01260,2023-06-16,North,Clear,Motorway,30,3,1,Slight
A00327,2023-06-17,North,Clear,Urban,70,2,1,Slight
A01172,2023-06-17,North,Clear,Urban,60,4,1,Slight
A00423,2023-06-18,South,Fog,Motorway,30,1,0,Slight
A00337,2023-06-20,North,Clear,Motorway,40,2,0,Slight
A00012,2023-06-20,South,Rain,Urban,70,4,0,Slight
A00007,2023-06-21,North,Rain,Rural,70,4,2,Slight
A01070,2023-06-22,East,Fog,Motorway,30,1,0,Slight
A00420,2023-06-22,East,Fog,Rural,70,4,1,Slight
A00958,2023-06-24,North,Clear,Rural,60,2,2,Slight
A01140,2023-06-26,East,Rain,Rural,30,4,2,Slight
A01707,2023-06-27,East,Clear,Urban,70,2,3,Serious
A00541,2023-06-28,South,Rain,Motorway,60,1,0,Slight
A01290,2023-06-30,North,Clear,Motorway,70,3,2,Slight
A00604,2023-06-30,South,Clear,Rural,30,4,0,Slight
A00624,2023-07-02,North,Clear,Urban,30,3,0,Slight
A00772,2023-07-03,West,Rain,Rural,60,2,0,Slight
A01740,2023-07-03,North,Fog,Rural,30,1,0,Slight
A00200,2023-07-04,South,Rain,Motorway,60,1,0,Slight
A00206,2023-07-04,East,Clear,Urban,70,1,0,Slight
A00583,2023-07-04,East,Clear,Rural,30,3,0,Slight
A01606,2023-07-05,South,Rain,Urban,60,1,0,Slight
A00932,2023-07-06,North,Clear,Urban,30,2,1,Slight
A01436,2023-07-07,East,Fog,Motorway,30,3,1,Slight
A00614,2023-07-08,North,Clear,Motorway,30,2,0,Slight
A00993,2023-07-08,West,Clear,Motorway,70,3,1,Slight
A00905,2023-07-08,South,Fog,Rural,70,3,1,Slight
A00916,2023-07-09,East,Rain,Urban,70,1,2,Slight
A00093,2023-07-10,North,Clear,Rural,60,4,1,Slight
A01475,2023-07-10,South,Fog,Motorway,30,1,1,Slight
A00775,2023-07-12,South,Rain,Motorway,70,1,1,Slight
A00166,2023-07-14,East,Fog,Rural,60,4,3,Serious
A00780,2023-07-16,South,Clear,Motorway,30,1,2,Slight
A01595,2023-07-16,West,Clear,Urban,70,4,1,Slight
A01030,2023-07-17,South,Clear,Urban,30,4,0,Slight
A00989,2023-07-17,West,Fog,Motorway,40,4,0,Slight
A00575,2023-07-21,South,Rain,Motorway,30,2,0,Slight
A00810,2023-07-23,South,Clear,Urban,30,1,2,Slight
A01240,2023-07-23,West,Fog,Motorway,40,2,2,Slight
A01048,2023-07-23,South,Clear,Rural,70,2,2,Slight
A01519,2023-07-23,East,Clear,Motorway,40,4,2,Slight
A00221,2023-07-24,South,Fog,Rural,70,2,1,Slight
A00398,2023-07-24,North,Fog,Urban,30,3,2,Slight
A00986,2023-07-24,West,Rain,Urban,30,3,0,Slight
A00662,2023-07-25,North,Rain,Rural,40,3,1,Slight
A01433,2023-07-25,West,Rain,Urban,60,1,0,Slight
A01639,2023-07-27,South,Clear,Rural,60,1,0,Slight
A01484,2023-07-27,North,Rain,Urban,60,4,1,Slight
A00649,2023-07-27,East,Clear,Rural,40,3,0,Slight
A01685,2023-07-27,East,Fog,Rural,30,3,1,Slight
A00523,2023-07-28,North,Fog,Urban,30,2,0,Slight
A00596,2023-07-28,East,Fog,Urban,70,1,1,Slight
A01684,2023-07-29,West,Fog,Rural,70,2,1,Slight
A00937,2023-07-29,West,Fog,Rural,60,4,1,Slight
A00679,2023-07-30,South,Rain,Motorway,70,2,0,Slight
A00798,2023-07-30,East,Clear,Rural,40,1,0,Slight
A00635,2023-08-01,South,Rain,Motorway,70,1,1,Slight
A00144,2023-08-02,North,Fog,Motorway,40,3,1,Slight
A00471,2023-08-02,East,Fog,Rural,70,4,2,Slight
A00515,2023-08-03,East,Clear,Motorway,70,2,1,Slight
A01007,2023-08-03,South,Rain,Rural,40,3,0,Slight
A00747,2023-08-03,North,Fog,Motorway,40,4,1,Slight
A00314,2023-08-04,East,Fog,Rural,40,2,0,Slight
A00413,2023-08-04,West,Clear,Urban,60,1,2,Slight
A00447,2023-08-04,North,Fog,Rural,40,2,1,Slight
A00897,2023-08-04,East,Fog,Urban,40,1,1,Slight
A01364,2023-08-06,South,Fog,Rural,40,3,2,Slight
A00658,2023-08-07,South,Clear,Motorway,30,2,0,Slight
A01625,2023-08-07,South,Fog,Urban,60,2,0,Slight
A00070,2023-08-09,South,Rain,Rural,40,2,0,Slight
A00424,2023-08-09,North,Clear,Urban,40,4,3,Serious
A01550,2023-08-13,West,Fog,Urban,60,1,0,Slight
A00496,2023-08-13,South,Rain,Urban,30,4,3,Serious
A00091,2023-08-15,West,Fog,Rural,40,2,2,Slight
A00640,2023-08-15,North,Fog,Urban,70,3,1,Slight
A00243,2023-08-15,West,Fog,Motorway,40,1,2,Slight
A01039,2023-08-15,South,Clear,Motorway,30,3,2,Slight
A00668,2023-08-16,North,Fog,Motorway,60,1,0,Slight
A00403,2023-08-17,South,Fog,Motorway,30,4,3,Serious
A00103,2023-08-17,North,Rain,Rural,30,2,3,Serious
A01154,2023-08-18,South,Clear,Rural,30,4,0,Slight
A01175,2023-08-18,North,Fog,Urban,70,1,0,Slight
A00335,2023-08-18,West,Fog,Rural,40,4,0,Slight
A00124,2023-08-19,North,Rain,Rural,40,1,0,Slight
A01266,2023-08-19,East,Clear,Urban,30,1,1,Slight
A01731,2023-08-19,North,Clear,Urban,70,2,1,Slight
A00487,2023-08-20,East,Clear,Motorway,30,2,2,Slight
A01103,2023-08-20,East,Clear,Motorway,60,1,2,Slight
A01699,2023-08-21,North,Fog,Motorway,40,1,1,Slight
A01196,2023-08-21,North,Clear,Rural,60,1,0,Slight
A01145,2023-08-21,West,Rain,Rural,30,2,0,Slight
A00526,2023-08-22,East,Rain,Motorway,70,2,1,Slight
A01586,2023-08-22,East,Clear,Motorway,30,1,0,Slight
A01767,2023-08-23,East,Fog,Motorway,60,1,1,Slight
A00359,2023-08-23,East,Clear,Urban,40,2,1,Slight
A01800,2023-08-23,North,Rain,Motorway,70,3,0,Slight
A00681,2023-08-24,East,Rain,Rural,30,2,0,Slight
A00101,2023-08-25,West,Clear,Rural,40,1,0,Slight
A00132,2023-08-25,East,Clear,Motorway,70,2,0,Slight
A00531,2023-08-26,East,Rain,Rural,60,3,1,Slight
A00925,2023-08-28,North,Fog,Motorway,70,2,2,Slight
A00189,2023-08-28,East,Fog,Rural,60,3,3,Serious
A00341,2023-08-29,North,Clear,Urban,40,1,1,Slight
A00262,2023-08-29,North,Fog,Rural,60,1,1,Slight
A00885,2023-08-29,South,Rain,Motorway,60,2,3,Serious
A00637,2023-08-29,North,Clear,Motorway,70,3,3,Serious
A00676,2023-08-31,South,Clear,Urban,30,1,1,Slight
A01327,2023-08-31,East,Rain,Urban,60,2,2,Slight
A01679,2023-08-31,North,Rain,Urban,60,1,1,Slight
A01525,2023-09-01,North,Fog,Motorway,30,1,0,Slight
A00177,2023-09-02,North,Clear,Rural,60,3,2,Slight
A01139,2023-09-03,North,Clear,Motorway,40,2,2,Slight
A00722,2023-09-03,North,Fog,Urban,70,4,0,Slight
A01177,2023-09-03,North,Rain,Rural,30,1,1,Slight
A01162,2023-09-04,North,Clear,Urban,30,2,2,Slight
A00440,2023-09-04,West,Fog,Motorway,40,2,1,Slight
A01496,2023-09-05,East,Rain,Motorway,70,3,0,Slight
A00095,2023-09-05,South,Fog,Urban,30,3,1,Slight
A01129,2023-09-06,West,Fog,Rural,40,1,0,Slight
A00718,2023-09-07,North,Clear,Motorway,40,3,2,Slight
A00161,2023-09-07,North,Clear,Rural,30,3,3,Serious
A00083,2023-09-09,North,Clear,Motorway,30,2,3,Serious
A00787,2023-09-09,East,Clear,Rural,30,2,2,Slight
A01215,2023-09-10,West,Rain,Rural,70,4,0,Slight
A00299,2023-09-10,South,Rain,Motorway,70,3,1,Slight
A01243,2023-09-10,East,Rain,Urban,30,1,0,Slight
A00281,2023-09-11,East,Rain,Motorway,70,1,2,Slight
A01759,2023-09-12,North,Rain,Rural,70,2,0,Slight
A00421,2023-09-12,South,Clear,Motorway,40,3,2,Slight
A01118,2023-09-14,East,Fog,Rural,40,3,1,Slight
A01281,2023-09-14,East,Fog,Urban,60,3,3,Serious
A01209,2023-09-16,West,Clear,Urban,30,1,0,Slight
A01648,2023-09-17,North,Clear,Rural,70,3,1,Slight
A00188,2023-09-20,South,Fog,Motorway,60,1,0,Slight
A01307,2023-09-20,West,Clear,Urban,30,2,3,Serious
A00135,2023-09-21,West,Rain,Rural,30,2,0,Slight
A00376,2023-09-23,West,Rain,Rural,30,2,2,Slight
A01049,2023-09-23,South,Rain,Urban,60,2,1,Slight
A01022,2023-09-24,South,Rain,Urban,40,3,2,Slight
A01272,2023-09-24,South,Clear,Motorway,70,4,3,Serious
A01597,2023-09-25,East,Fog,Motorway,70,3,1,Slight
A01347,2023-09-25,East,Fog,Urban,60,4,3,Serious
A00835,2023-09-25,North,Fog,Urban,70,3,2,Slight
A00881,2023-09-26,North,Rain,Rural,60,2,2,Slight
A00908,2023-09-27,North,Clear,Rural,30,3,4,Serious
A00415,2023-09-27,East,Fog,Motorway,30,4,3,Serious
A01320,2023-09-28,West,Rain,Urban,40,4,1,Slight
A01610,2023-09-29,East,Fog,Motorway,40,3,1,Slight
A01383,2023-09-29,South,Clear,Motorway,40,4,3,Serious
A01088,2023-09-30,South,Rain,Motorway,60,1,0,Slight
A01665,2023-10-01,North,Rain,Rural,30,4,1,Slight
A00388,2023-10-03,West,Rain,Motorway,40,1,3,Serious
A00345,2023-10-03,North,Rain,Urban,30,2,3,Serious
A00507,2023-10-04,East,Fog,Urban,40,1,0,Slight
A00063,2023-10-04,East,Fog,Rural,40,1,1,Slight
A01208,2023-10-04,North,Clear,Urban,40,2,1,Slight
A01040,2023-10-04,South,Rain,Rural,60,1,1,Slight
A00714,2023-10-05,North,Rain,Urban,30,4,1,Slight
A01641,2023-10-05,South,Clear,Motorway,30,1,1,Slight
A00354,2023-10-05,West,Rain,Rural,30,3,3,Serious
A00845,2023-10-06,South,Clear,Urban,60,2,0,Slight
A01534,2023-10-07,North,Fog,Rural,60,2,0,Slight
A01570,2023-10-07,East,Rain,Rural,60,1,1,Slight
A00455,2023-10-08,North,Fog,Rural,70,4,4,Serious
A00108,2023-10-08,South,Clear,Motorway,30,2,1,Slight
A01102,2023-10-08,South,Clear,Urban,30,1,1,Slight
A01516,2023-10-09,North,Clear,Motorway,70,1,1,Slight
A00594,2023-10-12,South,Clear,Urban,40,2,2,Slight
A00276,2023-10-13,South,Rain,Rural,40,2,1,Slight
A00996,2023-10-13,West,Clear,Urban,60,4,0,Slight
A00214,2023-10-14,North,Fog,Rural,70,2,2,Slight
A00060,2023-10-15,South,Clear,Urban,40,1,4,Serious
A00763,2023-10-15,North,Fog,Motorway,40,1,0,Slight
A01778,2023-10-15,South,Fog,Rural,30,3,1,Slight
A01654,2023-10-16,North,Clear,Urban,40,1,0,Slight
A00207,2023-10-17,West,Clear,Motorway,60,2,2,Slight
A01344,2023-10-17,East,Clear,Urban,60,3,1,Slight
A00366,2023-10-18,East,Fog,Urban,40,4,2,Slight
A00075,2023-10-18,South,Fog,Urban,70,1,0,Slight
A01212,2023-10-18,South,Rain,Rural,30,4,2,Slight
A00010,2023-10-18,East,Rain,Urban,60,3,2,Slight
A00322,2023-10-19,South,Rain,Rural,30,1,1,Slight
A01469,2023-10-20,North,Rain,Urban,70,3,1,Slight
A00906,2023-10-20,South,Fog,Motorway,70,1,1,Slight
A00511,2023-10-20,East,Fog,Urban,40,2,1,Slight
A01583,2023-10-20,West,Rain,Urban,30,2,1,Slight
A00508,2023-10-21,East,Rain,Rural,30,2,0,Slight
A00126,2023-10-22,East,Clear,Motorway,70,1,1,Slight
A01069,2023-10-22,South,Clear,Motorway,30,3,1,Slight
A01401,2023-10-24,North,Rain,Motorway,60,1,0,Slight
A00672,2023-10-24,South,Rain,Rural,30,3,1,Slight
A01666,2023-10-25,West,Rain,Motorway,70,3,2,Slight
A00468,2023-10-25,South,Clear,Motorway,70,2,0,Slight
A00285,2023-10-28,West,Fog,Rural,40,3,2,Slight
A00684,2023-10-28,North,Fog,Rural,40,2,1,Slight
A00771,2023-10-29,North,Clear,Urban,40,3,2,Slight
A01455,2023-10-30,North,Fog,Rural,70,4,2,Slight
A01795,2023-10-30,North,Fog,Urban,30,4,3,Serious
A00704,2023-10-30,West,Rain,Motorway,70,2,0,Slight
A01169,2023-10-31,South,Fog,Rural,30,2,1,Slight
A01549,2023-10-31,West,Rain,Rural,70,2,0,Slight
A01206,2023-10-31,South,Clear,Motorway,60,2,1,Slight
A01271,2023-11-02,South,Fog,Rural,70,3,1,Slight
A00011,2023-11-03,East,Fog,Motorway,70,4,3,Serious
A00041,2023-11-03,East,Fog,Rural,70,3,1,Slight
A00183,2023-11-05,North,Fog,Motorway,60,2,1,Slight
A00334,2023-11-05,West,Fog,Motorway,70,4,1,Slight
A00016,2023-11-05,East,Fog,Urban,30,1,1,Slight
A01273,2023-11-06,East,Rain,Rural,70,1,0,Slight
A01186,2023-11-07,South,Fog,Urban,40,3,1,Slight
A00028,2023-11-07,North,Fog,Motorway,30,3,3,Serious
A00444,2023-11-08,South,Clear,Urban,60,3,0,Slight
A01790,2023-11-08,East,Fog,Urban,40,1,0,Slight
A00377,2023-11-08,West,Clear,Motorway,30,2,0,Slight
A01259,2023-11-10,West,Rain,Urban,40,2,3,Serious
A01318,2023-11-11,South,Rain,Urban,70,1,0,Slight
A01076,2023-11-11,East,Clear,Rural,60,4,1,Slight
A00667,2023-11-12,East,Clear,Motorway,30,2,0,Slight
A00225,2023-11-12,South,Clear,Urban,60,3,1,Slight
A01178,2023-11-12,West,Rain,Rural,60,2,1,Slight
A00037,2023-11-13,North,Fog,Urban,40,1,1,Slight
A00430,2023-11-13,West,Rain,Motorway,70,3,4,Serious
A00829,2023-11-13,West,Fog,Rural,40,1,3,Serious
A01721,2023-11-13,West,Fog,Rural,60,4,1,Slight
A00220,2023-11-13,North,Rain,Motorway,30,2,0,Slight
A01489,2023-11-13,South,Clear,Urban,30,4,3,Serious
A00918,2023-11-16,North,Clear,Rural,30,3,0,Slight
A01763,2023-11-17,West,Clear,Motorway,60,3,3,Serious
A00117,2023-11-17,South,Fog,Urban,40,2,1,Slight
A01742,2023-11-17,North,Rain,Rural,40,1,0,Slight
A01161,2023-11-18,South,Clear,Rural,60,3,2,Slight
A01567,2023-11-18,East,Rain,Urban,40,3,1,Slight
A00482,2023-11-21,West,Rain,Urban,70,4,3,Serious
A01176,2023-11-21,North,Clear,Motorway,60,1,0,Slight
A01774,2023-11-22,West,Fog,Rural,60,1,2,Slight
A01133,2023-11-23,East,Rain,Rural,60,3,3,Serious
A00291,2023-11-23,West,Rain,Motorway,70,3,2,Slight
A01090,2023-11-23,East,Fog,Rural,70,2,1,Slight
A00759,2023-11-23,South,Rain,Motorway,70,3,0,Slight
A01558,2023-11-25,West,Fog,Urban,40,4,2,Slight
A00721,2023-11-26,South,Clear,Urban,30,4,1,Slight
A01466,2023-11-28,North,Rain,Urban,70,4,2,Slight
A01332,2023-11-28,South,Rain,Rural,60,3,2,Slight
A01353,2023-11-29,West,Clear,Motorway,70,1,0,Slight
A00196,2023-11-30,West,Clear,Motorway,60,1,0,Slight
A01150,2023-11-30,West,Rain,Motorway,60,2,0,Slight
A00699,2023-11-30,East,Clear,Motorway,30,3,1,Slight
A00114,2023-12-01,West,Rain,Motorway,60,1,1,Slight
A01500,2023-12-02,East,Fog,Rural,60,2,2,Slight
A00579,2023-12-04,South,Clear,Motorway,70,1,0,Slight
A01355,2023-12-04,South,Fog,Urban,40,3,1,Slight
A01538,2023-12-05,South,Fog,Motorway,70,1,0,Slight
A01298,2023-12-06,North,Clear,Motorway,40,4,3,Serious
A00152,2023-12-06,West,Rain,Motorway,40,4,1,Slight
A01141,2023-12-07,South,Rain,Motorway,70,3,1,Slight
A01799,2023-12-07,East,Fog,Urban,30,2,1,Slight
A01345,2023-12-08,West,Fog,Motorway,40,4,3,Serious
A00328,2023-12-08,West,Rain,Motorway,60,4,2,Slight
A00929,2023-12-08,West,Fog,Rural,40,2,1,Slight
A01025,2023-12-09,West,Fog,Motorway,60,2,2,Slight
A01591,2023-12-09,East,Clear,Rural,30,1,0,Slight
A01155,2023-12-10,East,Rain,Urban,30,4,1,Slight
A00544,2023-12-11,West,Clear,Rural,60,4,0,Slight
A00538,2023-12-12,North,Rain,Rural,60,4,2,Slight
A01692,2023-12-13,North,Fog,Motorway,30,4,1,Slight
A00946,2023-12-14,South,Fog,Motorway,60,2,1,Slight
A00954,2023-12-14,West,Clear,Rural,60,3,3,Serious
A00675,2023-12-17,West,Rain,Motorway,60,2,3,Serious
A00960,2023-12-17,East,Fog,Motorway,40,4,2,Slight
A00576,2023-12-18,North,Fog,Rural,60,1,0,Slight
A00115,2023-12-18,South,Rain,Rural,40,2,1,Slight
A01042,2023-12-18,North,Fog,Urban,60,1,0,Slight
A00858,2023-12-18,West,Rain,Motorway,70,2,0,Slight
A01311,2023-12-19,West,Clear,Urban,40,2,0,Slight
A01220,2023-12-19,East,Rain,Motorway,60,2,0,Slight
A00591,2023-12-20,North,Clear,Motorway,60,2,1,Slight
A00556,2023-12-20,North,Rain,Motorway,60,1,0,Slight
A00981,2023-12-21,South,Clear,Motorway,70,1,1,Slight
A00598,2023-12-22,West,Rain,Motorway,70,3,3,Serious
A01197,2023-12-22,West,Clear,Urban,60,2,1,Slight
A01560,2023-12-23,West,Fog,Urban,60,4,2,Slight
A01252,2023-12-23,West,Rain,Urban,70,3,0,Slight
A00878,2023-12-25,West,Rain,Motorway,60,3,1,Slight
A00402,2023-12-26,North,Fog,Motorway,70,4,1,Slight
A00185,2023-12-27,North,Fog,Rural,40,2,2,Slight
A01058,2023-12-27,West,Clear,Urban,30,1,3,Serious
A00852,2023-12-28,North,Fog,Motorway,40,4,2,Slight
A00368,2023-12-28,East,Rain,Urban,30,2,1,Slight
A00559,2023-12-28,South,Fog,Motorway,60,4,2,Slight
A01285,2023-12-28,West,Clear,Urban,40,3,2,Slight
A00209,2023-12-28,West,Fog,Motorway,60,1,2,Slight
A00621,2023-12-29,East,Clear,Urban,30,1,0,Slight
A00841,2023-12-29,North,Rain,Rural,40,4,4,Serious
A00172,2023-12-29,North,Clear,Motorway,30,2,2,Slight
A01046,2023-12-29,North,Clear,Motorway,60,1,0,Slight
A01660,2023-12-29,South,Fog,Motorway,40,2,1,Slight
A01771,2023-12-30,South,Rain,Rural,70,2,1,Slight
A01384,2023-12-30,South,Clear,Motorway,60,1,1,Slight
A01453,2023-12-30,South,Clear,Rural,60,1,0,Slight
A01394,2023-12-30,South,Fog,Urban,40,4,2,Slight
A00143,2023-12-31,South,Clear,Motorway,30,4,0,Slight
A01106,2023-12-31,West,Rain,Motorway,70,3,0,Slight
A01283,2023-12-31,North,Fog,Urban,60,2,1,Slight
A01351,2024-01-02,South,Rain,Rural,40,3,4,Serious
A00241,2024-01-03,North,Rain,Urban,70,4,0,Slight
A01027,2024-01-04,East,Fog,Motorway,70,3,1,Slight
A00680,2024-01-04,North,Clear,Motorway,30,2,0,Slight
A00834,2024-01-05,North,Clear,Motorway,40,3,1,Slight
A00728,2024-01-06,North,Rain,Rural,40,3,2,Slight
A01691,2024-01-06,North,Clear,Motorway,30,4,1,Slight
A00170,2024-01-06,North,Rain,Motorway,70,1,1,Slight
A00533,2024-01-06,West,Clear,Rural,40,1,0,Slight
A00725,2024-01-07,East,Clear,Rural,40,1,2,Slight
A01380,2024-01-07,South,Clear,Urban,60,2,1,Slight
A01286,2024-01-07,West,Fog,Urban,30,2,0,Slight
A00694,2024-01-09,South,Clear,Urban,60,2,3,Serious
A00153,2024-01-11,East,Clear,Urban,70,3,0,Slight
A01080,2024-01-13,West,Clear,Rural,60,3,3,Serious
A00920,2024-01-13,East,Clear,Motorway,30,2,0,Slight
A00133,2024-01-13,West,Fog,Motorway,70,3,1,Slight
A00539,2024-01-15,North,Fog,Urban,40,1,0,Slight
A01357,2024-01-15,East,Fog,Rural,30,1,0,Slight
A00534,2024-01-16,East,Fog,Urban,40,3,0,Slight
A00023,2024-01-16,South,Rain,Rural,30,3,2,Slight
A00394,2024-01-17,East,Clear,Rural,30,3,5,Serious
A01014,2024-01-17,South,Rain,Motorway,40,4,4,Serious
A00274,2024-01-17,North,Rain,Rural,30,4,2,Slight
A01120,2024-01-17,North,Rain,Urban,60,2,0,Slight
A01057,2024-01-17,East,Rain,Urban,60,3,0,Slight
A00746,2024-01-18,North,Rain,Motorway,40,4,1,Slight
A00137,2024-01-18,South,Clear,Motorway,60,2,0,Slight
A00105,2024-01-18,North,Rain,Urban,30,4,0,Slight
A01797,2024-01-19,East,Rain,Rural,70,3,1,Slight
A01563,2024-01-19,North,Clear,Motorway,60,2,1,Slight
A01081,2024-01-21,East,Clear,Motorway,40,3,2,Slight
A00184,2024-01-22,North,Clear,Urban,40,3,1,Slight
A01601,2024-01-23,South,Clear,Rural,70,2,0,Slight
A00724,2024-01-23,South,Clear,Motorway,60,3,2,Slight
A00896,2024-01-23,North,Clear,Urban,70,4,2,Slight
A00794,2024-01-24,West,Clear,Rural,70,2,0,Slight
A01277,2024-01-24,South,Fog,Motorway,70,4,0,Slight
A00372,2024-01-24,South,Rain,Motorway,40,3,0,Slight
A00246,2024-01-24,North,Rain,Rural,40,4,2,Slight
A00914,2024-01-24,West,Fog,Urban,60,2,1,Slight
A00513,2024-01-25,West,Fog,Rural,30,4,2,Slight
A01781,2024-01-26,West,Clear,Motorway,40,3,0,Slight
A01094,2024-01-26,North,Fog,Motorway,70,1,1,Slight
A00951,2024-01-28,West,Fog,Rural,60,1,0,Slight
A00097,2024-01-28,West,Clear,Urban,60,2,3,Serious
A00744,2024-01-30,East,Clear,Urban,70,2,0,Slight
A01485,2024-02-01,South,Fog,Motorway,30,4,2,Slight
A00818,2024-02-01,South,Rain,Motorway,70,3,0,Slight
A00527,2024-02-01,North,Rain,Motorway,70,3,1,Slight
A00383,2024-02-02,East,Rain,Motorway,60,1,0,Slight
A01250,2024-02-02,North,Rain,Motorway,30,4,0,Slight
A00957,2024-02-02,South,Clear,Urban,40,4,0,Slight
A00799,2024-02-03,North,Clear,Motorway,70,2,2,Slight
A01687,2024-02-04,East,Rain,Urban,70,4,2,Slight
A00889,2024-02-04,West,Fog,Rural,60,4,1,Slight
A01110,2024-02-05,South,Clear,Rural,30,1,1,Slight
A01112,2024-02-06,North,Fog,Rural,70,3,0,Slight
A00434,2024-02-06,East,Clear,Motorway,40,1,0,Slight
A01474,2024-02-06,East,Clear,Motorway,40,2,1,Slight
A00525,2024-02-07,West,Clear,Urban,60,4,2,Slight
A01704,2024-02-08,East,Fog,Urban,30,2,2,Slight
A00463,2024-02-09,South,Rain,Motorway,30,4,2,Slight
A00216,2024-02-10,North,Fog,Rural,60,3,0,Slight
A01564,2024-02-10,West,Fog,Rural,40,4,1,Slight
A00648,2024-02-10,West,Fog,Motorway,70,4,0,Slight
A00994,2024-02-10,East,Rain,Rural,60,2,0,Slight
A00666,2024-02-11,West,Fog,Rural,70,2,1,Slight
A01449,2024-02-12,West,Fog,Urban,70,2,1,Slight
A00107,2024-02-13,South,Rain,Rural,40,1,0,Slight
A01793,2024-02-13,West,Fog,Urban,30,4,0,Slight
A01205,2024-02-13,South,Rain,Motorway,70,3,0,Slight
A00729,2024-02-16,South,Fog,Urban,40,4,0,Slight
A01439,2024-02-17,North,Fog,Rural,70,2,1,Slight
A00433,2024-02-17,East,Rain,Motorway,60,4,2,Slight
A01067,2024-02-17,South,Clear,Rural,30,3,1,Slight
A01257,2024-02-18,East,Rain,Motorway,60,1,1,Slight
A01608,2024-02-18,South,Fog,Motorway,40,2,3,Serious
A00821,2024-02-18,South,Fog,Rural,40,1,1,Slight
A01117,2024-02-18,South,Rain,Urban,70,3,1,Slight
A00894,2024-02-19,South,Clear,Motorway,30,1,0,Slight
A01312,2024-02-20,East,Clear,Urban,60,2,0,Slight
A00902,2024-02-20,East,Rain,Rural,60,2,1,Slight
A01717,2024-02-20,North,Rain,Motorway,70,1,0,Slight
A00397,2024-02-21,West,Rain,Urban,70,4,0,Slight
A01165,2024-02-23,South,Clear,Urban,70,1,1,Slight
A00651,2024-02-23,South,Rain,Motorway,30,2,1,Slight
A00962,2024-02-25,North,Fog,Motorway,60,2,2,Slight
A01198,2024-02-26,East,Rain,Rural,40,3,2,Slight
A01463,2024-02-26,West,Rain,Motorway,40,1,0,Slight
A00311,2024-02-27,West,Rain,Rural,60,3,1,Slight
A00062,2024-02-27,North,Fog,Urban,70,3,3,Serious
A00846,2024-02-28,South,Rain,Rural,30,3,2,Slight
A00972,2024-02-28,East,Rain,Rural,60,2,0,Slight
A01647,2024-02-28,South,Clear,Rural,60,3,0,Slight
A00528,2024-02-28,North,Fog,Urban,30,4,2,Slight
A00163,2024-02-28,South,Rain,Urban,60,4,0,Slight
A00655,2024-02-29,North,Rain,Motorway,30,4,0,Slight
A00913,2024-02-29,West,Clear,Rural,70,1,0,Slight
A01147,2024-03-01,North,Rain,Motorway,30,3,3,Serious
A00941,2024-03-01,North,Clear,Motorway,70,3,4,Serious
A01128,2024-03-01,East,Fog,Motorway,30,3,0,Slight
A00342,2024-03-01,East,Clear,Motorway,30,2,0,Slight
A00554,2024-03-02,South,Rain,Rural,70,2,0,Slight
A01448,2024-03-03,South,Clear,Rural,70,2,2,Slight
A01367,2024-03-04,North,Clear,Urban,40,3,0,Slight
A00412,2024-03-04,North,Clear,Rural,60,2,0,Slight
A01362,2024-03-04,East,Fog,Urban,40,2,1,Slight
A01770,2024-03-04,South,Fog,Rural,70,1,1,Slight
A00253,2024-03-05,East,Rain,Motorway,40,2,2,Slight
A00840,2024-03-06,North,Clear,Rural,30,2,3,Serious
A00956,2024-03-06,South,Rain,Motorway,60,4,0,Slight
A01337,2024-03-06,West,Clear,Rural,30,4,2,Slight
A00353,2024-03-08,South,Rain,Urban,70,1,2,Slight
A01056,2024-03-08,South,Clear,Motorway,30,4,2,Slight
A01437,2024-03-12,South,Fog,Rural,60,4,3,Serious
A00597,2024-03-13,East,Rain,Motorway,40,3,3,Serious
A00641,2024-03-13,West,Clear,Motorway,40,3,1,Slight
A00862,2024-03-14,West,Clear,Rural,40,1,0,Slight
A01402,2024-03-15,West,Rain,Motorway,30,1,0,Slight
A01269,2024-03-16,South,Fog,Rural,30,2,0,Slight
A00146,2024-03-16,West,Clear,Rural,60,1,1,Slight
A00689,2024-03-16,West,Clear,Urban,40,3,1,Slight
A00988,2024-03-17,East,Clear,Rural,60,2,0,Slight
A01279,2024-03-19,South,Fog,Urban,60,1,0,Slight
A01397,2024-03-20,East,Fog,Motorway,60,1,4,Serious
A00948,2024-03-21,North,Clear,Urban,40,1,3,Serious
A00757,2024-03-21,West,Rain,Motorway,30,1,2,Slight
A01715,2024-03-21,North,Fog,Rural,70,1,1,Slight
A01020,2024-03-22,West,Clear,Motorway,70,3,0,Slight
A00620,2024-03-24,North,Rain,Rural,30,1,1,Slight
A00210,2024-03-24,East,Rain,Motorway,70,4,3,Serious
A00767,2024-03-25,North,Rain,Rural,70,4,1,Slight
A00765,2024-03-25,North,Rain,Urban,70,4,2,Slight
A01375,2024-03-25,South,Clear,Urban,70,4,4,Serious
A00331,2024-03-26,North,Rain,Rural,60,1,0,Slight
A00677,2024-03-28,East,Rain,Urban,60,4,3,Serious
A01135,2024-03-29,East,Fog,Motorway,70,2,2,Slight
A00384,2024-03-29,West,Rain,Motorway,40,2,1,Slight
A01015,2024-03-30,West,Fog,Rural,40,3,0,Slight
A00478,2024-03-30,West,Rain,Motorway,40,1,3,Serious
A00630,2024-03-30,South,Clear,Motorway,40,1,0,Slight
A00796,2024-03-30,North,Rain,Motorway,70,4,3,Serious
A01100,2024-03-30,North,Clear,Urban,60,3,0,Slight
A00887,2024-03-30,North,Fog,Urban,70,1,1,Slight
A00535,2024-03-31,West,Clear,Urban,70,4,3,Serious
A00355,2024-04-01,West,Rain,Rural,40,2,1,Slight
A00521,2024-04-02,North,Rain,Urban,30,1,0,Slight
A00491,2024-04-02,East,Rain,Urban,70,1,1,Slight
A00551,2024-04-02,East,Clear,Motorway,60,2,0,Slight
A01730,2024-04-02,West,Fog,Urban,60,3,1,Slight
A01539,2024-04-07,North,Fog,Rural,40,4,3,Serious
A01408,2024-04-08,West,Rain,Motorway,70,1,0,Slight
A01291,2024-04-09,South,Fog,Urban,70,4,1,Slight
A00628,2024-04-09,South,Fog,Rural,40,3,1,Slight
A00202,2024-04-10,East,Rain,Motorway,70,4,2,Slight
A01732,2024-04-11,North,Clear,Rural,40,1,1,Slight
A00494,2024-04-12,South,Fog,Urban,30,2,1,Slight
A00955,2024-04-12,West,Fog,Motorway,40,1,1,Slight
A00232,2024-04-12,East,Rain,Motorway,60,4,2,Slight
A00417,2024-04-12,North,Fog,Rural,60,3,1,Slight
A00927,2024-04-13,East,Clear,Urban,70,3,0,Slight
A01468,2024-04-14,East,Rain,Rural,40,3,2,Slight
A00711,2024-04-14,South,Clear,Motorway,60,1,0,Slight
A00976,2024-04-15,West,Clear,Motorway,60,1,0,Slight
A00750,2024-04-15,North,Fog,Motorway,70,4,2,Slight
A01068,2024-04-16,West,Clear,Urban,60,1,1,Slight
A00661,2024-04-17,North,Fog,Rural,60,1,1,Slight
A01497,2024-04-17,East,Clear,Urban,30,4,3,Serious
A00302,2024-04-18,East,Rain,Motorway,40,3,1,Slight
A00926,2024-04-19,North,Fog,Rural,40,4,1,Slight
A00038,2024-04-20,West,Fog,Rural,70,2,0,Slight
A00323,2024-04-20,South,Fog,Motorway,30,3,0,Slight
A01724,2024-04-21,East,Fog,Urban,60,1,0,Slight
A00486,2024-04-23,East,Fog,Rural,60,1,3,Serious
A01728,2024-04-23,North,Clear,Motorway,60,4,1,Slight
A00315,2024-04-24,South,Clear,Rural,70,1,0,Slight
A00909,2024-04-24,North,Rain,Rural,70,4,0,Slight
A00961,2024-04-24,South,Fog,Rural,70,2,0,Slight
A01435,2024-04-24,North,Fog,Urban,70,4,2,Slight
A00917,2024-04-24,North,Rain,Motorway,70,2,3,Serious
A00330,2024-04-24,West,Rain,Motorway,60,3,0,Slight
A01486,2024-04-24,West,Fog,Motorway,40,2,2,Slight
A01420,2024-04-25,South,Clear,Rural,60,4,1,Slight
A01614,2024-04-26,North,Clear,Urban,30,3,1,Slight
A00405,2024-04-26,West,Clear,Urban,30,4,1,Slight
A01316,2024-04-27,West,Rain,Rural,60,1,1,Slight
A00369,2024-04-27,South,Fog,Urban,40,3,1,Slight
A00497,2024-04-27,West,Rain,Motorway,70,2,1,Slight
A00910,2024-04-27,West,Rain,Urban,70,2,0,Slight
A00448,2024-04-27,South,Clear,Rural,40,3,0,Slight
A00857,2024-04-29,West,Rain,Urban,60,1,1,Slight
A01612,2024-04-29,North,Rain,Rural,70,4,1,Slight
A00552,2024-04-30,North,Rain,Motorway,70,3,3,Serious
A00180,2024-04-30,North,Clear,Motorway,70,1,0,Slight
A00270,2024-05-01,North,Clear,Rural,70,1,1,Slight
A01228,2024-05-01,South,Fog,Urban,40,1,0,Slight
A01028,2024-05-02,South,Rain,Motorway,70,1,0,Slight
A00360,2024-05-02,North,Clear,Rural,40,4,1,Slight
A00165,2024-05-03,West,Fog,Rural,70,3,5,Serious
A00288,2024-05-04,South,Rain,Motorway,30,3,1,Slight
A00194,2024-05-04,South,Clear,Rural,60,3,1,Slight
A00293,2024-05-05,West,Fog,Urban,70,2,3,Serious
A00778,2024-05-05,East,Clear,Urban,30,1,1,Slight
A01656,2024-05-05,South,Clear,Urban,60,4,0,Slight
A00336,2024-05-06,North,Fog,Motorway,60,3,0,Slight
A01164,2024-05-07,South,Rain,Rural,60,1,1,Slight
A01113,2024-05-07,East,Fog,Motorway,30,3,0,Slight
A00008,2024-05-08,South,Rain,Urban,30,4,6,Serious
A01471,2024-05-08,North,Fog,Rural,40,1,1,Slight
A01716,2024-05-10,North,Rain,Motorway,30,3,2,Slight
A00238,2024-05-11,East,Fog,Motorway,40,1,2,Slight
A01761,2024-05-11,North,Clear,Urban,60,1,0,Slight
A00764,2024-05-13,North,Fog,Rural,40,3,0,Slight
A01565,2024-05-13,West,Clear,Rural,60,3,2,Slight
A01701,2024-05-13,East,Clear,Urban,60,3,3,Serious
A00664,2024-05-14,East,Fog,Rural,70,4,3,Serious
A00179,2024-05-15,West,Rain,Motorway,60,1,0,Slight
A00766,2024-05-15,West,Clear,Urban,30,1,2,Slight
A01596,2024-05-15,West,Clear,Rural,60,3,1,Slight
A01491,2024-05-16,South,Clear,Motorway,60,3,3,Serious
A01686,2024-05-17,East,Rain,Urban,70,4,1,Slight
A00589,2024-05-17,North,Clear,Urban,70,4,4,Serious
A00606,2024-05-19,North,Clear,Rural,70,4,2,Slight
A00734,2024-05-19,South,Fog,Motorway,30,2,0,Slight
A01122,2024-05-20,West,Rain,Rural,30,2,1,Slight
A01101,2024-05-20,West,Fog,Motorway,40,2,3,Serious
A00228,2024-05-20,South,Clear,Urban,70,1,2,Slight
A01587,2024-05-21,North,Rain,Motorway,40,3,2,Slight
A00632,2024-05-23,North,Fog,Rural,60,2,0,Slight
A00753,2024-05-23,West,Rain,Urban,70,3,3,Serious
A00741,2024-05-24,West,Clear,Rural,40,1,1,Slight
A01792,2024-05-25,North,Fog,Urban,30,2,1,Slight
A00014,2024-05-26,East,Rain,Rural,70,2,1,Slight
A00952,2024-05-26,West,Clear,Rural,60,1,0,Slight
A01541,2024-05-26,West,Rain,Urban,70,4,3,Serious
A00547,2024-05-27,North,Clear,Motorway,60,2,0,Slight
A01554,2024-05-27,East,Clear,Motorway,60,1,0,Slight
A00745,2024-05-28,South,Rain,Rural,40,1,0,Slight
A00036,2024-05-28,South,Fog,Rural,70,1,1,Slight
A00938,2024-05-28,West,Fog,Motorway,70,1,2,Slight
A01729,2024-05-29,West,Rain,Urban,40,2,0,Slight
A00407,2024-05-29,East,Rain,Rural,40,3,1,Slight
A01421,2024-05-29,East,Fog,Urban,60,1,0,Slight
A00657,2024-05-29,East,Clear,Motorway,40,1,0,Slight
A00363,2024-05-30,North,Rain,Motorway,30,2,2,Slight
A00465,2024-05-31,North,Fog,Urban,60,2,1,Slight
A00706,2024-05-31,East,Clear,Rural,70,4,2,Slight
A00318,2024-06-01,North,Fog,Urban,70,2,0,Slight
A00298,2024-06-01,North,Clear,Motorway,40,1,1,Slight
A01672,2024-06-02,West,Fog,Motorway,40,4,2,Slight
A00853,2024-06-02,East,Fog,Urban,70,3,1,Slight
A01545,2024-06-03,East,Fog,Rural,40,4,2,Slight
A01571,2024-06-03,North,Fog,Urban,60,1,0,Slight
A00472,2024-06-04,West,Fog,Rural,70,2,0,Slight
A00211,2024-06-04,North,Clear,Rural,30,3,2,Slight
A00391,2024-06-05,East,Clear,Motorway,30,2,0,Slight
A00688,2024-06-07,West,Rain,Urban,30,1,2,Slight
A01142,2024-06-10,East,Clear,Rural,70,1,0,Slight
A01182,2024-06-11,South,Clear,Urban,60,3,2,Slight
A00026,2024-06-11,North,Fog,Rural,70,1,0,Slight
A01108,2024-06-12,East,Clear,Rural,60,4,4,Serious
A01189,2024-06-13,North,Clear,Urban,40,4,1,Slight
A01511,2024-06-14,South,Fog,Motorway,60,3,0,Slight
A01032,2024-06-14,North,Rain,Motorway,70,2,1,Slight
A01590,2024-06-14,West,Clear,Rural,60,4,2,Slight
A00286,2024-06-15,East,Fog,Urban,70,4,1,Slight
A01447,2024-06-16,East,Fog,Urban,30,2,2,Slight
A00042,2024-06-16,East,Rain,Motorway,40,1,0,Slight
A00061,2024-06-16,North,Clear,Motorway,30,4,1,Slight
A01603,2024-06-17,North,Clear,Motorway,60,4,4,Serious
A00869,2024-06-17,West,Fog,Motorway,70,3,1,Slight
A01623,2024-06-19,North,Fog,Motorway,30,2,0,Slight
A00140,2024-06-19,North,Fog,Urban,30,1,0,Slight
A00409,2024-06-19,North,Rain,Motorway,30,2,1,Slight
A01288,2024-06-20,West,Clear,Urban,60,1,1,Slight
A00349,2024-06-20,North,Fog,Rural,60,1,1,Slight
A01137,2024-06-20,West,Clear,Rural,70,2,1,Slight
A01066,2024-06-21,East,Rain,Motorway,70,4,3,Serious
A00564,2024-06-22,North,Clear,Rural,70,3,2,Slight
A00065,2024-06-22,North,Fog,Urban,70,4,4,Serious
A00123,2024-06-23,South,Clear,Motorway,30,4,1,Slight
A01588,2024-06-24,South,Clear,Motorway,40,4,1,Slight
A01071,2024-06-24,North,Rain,Urban,40,3,2,Slight
A00002,2024-06-24,North,Clear,Rural,60,3,0,Slight
A00289,2024-06-24,North,Clear,Urban,60,1,1,Slight
A01444,2024-06-24,North,Rain,Urban,70,1,1,Slight
A00303,2024-06-24,East,Rain,Urban,60,1,1,Slight
A01733,2024-06-25,West,Fog,Motorway,60,3,2,Slight
A01192,2024-06-25,South,Clear,Rural,40,2,2,Slight
A00045,2024-06-26,East,Fog,Motorway,70,2,5,Serious
A00803,2024-06-27,East,Rain,Motorway,70,2,0,Slight
A00811,2024-06-27,North,Clear,Motorway,70,4,1,Slight
A00751,2024-06-28,East,Rain,Motorway,30,4,3,Serious
A00851,2024-06-28,North,Clear,Urban,40,1,0,Slight
A00967,2024-06-28,West,Fog,Rural,30,2,1,Slight
A01508,2024-06-28,East,Fog,Rural,70,4,3,Serious
A00939,2024-06-29,South,Fog,Motorway,30,1,1,Slight
A01226,2024-06-30,West,Rain,Rural,70,2,1,Slight
A00801,2024-07-01,North,Clear,Urban,30,1,0,Slight
A00522,2024-07-02,East,Rain,Urban,70,3,1,Slight
A00493,2024-07-02,North,Clear,Rural,30,1,1,Slight
A01222,2024-07-03,West,Clear,Rural,60,4,3,Serious
A00479,2024-07-03,South,Fog,Urban,30,4,4,Serious
A00999,2024-07-03,East,Rain,Motorway,60,3,3,Serious
A00953,2024-07-05,East,Fog,Motorway,40,2,2,Slight
A01191,2024-07-05,South,Rain,Rural,30,3,2,Slight
A00558,2024-07-05,East,Clear,Motorway,60,2,4,Serious
A01481,2024-07-06,West,Rain,Motorway,60,2,0,Slight
A00836,2024-07-06,West,Clear,Urban,60,3,0,Slight
A00414,2024-07-08,South,Fog,Motorway,70,2,0,Slight
A01765,2024-07-08,North,Clear,Motorway,70,3,0,Slight
A00716,2024-07-09,West,Rain,Urban,40,4,3,Serious
A01313,2024-07-09,North,Clear,Urban,30,2,0,Slight
A00192,2024-07-10,South,Clear,Urban,40,3,2,Slight
A00656,2024-07-10,South,Rain,Rural,30,2,4,Serious
A00602,2024-07-12,West,Rain,Motorway,30,1,1,Slight
A01652,2024-07-12,North,Clear,Rural,40,2,0,Slight
A01404,2024-07-13,South,Clear,Rural,30,1,2,Slight
A01650,2024-07-13,North,Fog,Urban,40,1,1,Slight
A00762,2024-07-13,South,Rain,Urban,30,2,0,Slight
A00698,2024-07-15,North,Clear,Motorway,30,1,0,Slight
A00530,2024-07-15,West,Fog,Motorway,60,2,0,Slight
A01398,2024-07-17,North,Rain,Urban,60,4,2,Slight
A01303,2024-07-17,North,Clear,Urban,70,1,0,Slight
A00111,2024-07-18,South,Rain,Rural,30,4,0,Slight
A00895,2024-07-20,West,Rain,Urban,40,1,0,Slight
A00054,2024-07-20,North,Clear,Urban,40,4,2,Slight
A00030,2024-07-21,East,Clear,Rural,60,3,1,Slight
A00790,2024-07-21,North,Clear,Urban,60,1,0,Slight
A00064,2024-07-22,East,Fog,Motorway,30,3,1,Slight
A01300,2024-07-23,West,Fog,Motorway,30,2,0,Slight
A00500,2024-07-23,East,Fog,Urban,30,2,1,Slight
A01768,2024-07-23,South,Clear,Urban,30,1,0,Slight
A01389,2024-07-23,West,Rain,Rural,30,2,2,Slight
A01643,2024-07-24,West,Rain,Rural,70,4,2,Slight
A01510,2024-07-24,North,Rain,Rural,40,4,3,Serious
A00347,2024-07-24,South,Clear,Motorway,60,2,0,Slight
A00919,2024-07-25,West,Fog,Urban,70,4,0,Slight
A00096,2024-07-25,North,Fog,Rural,30,4,3,Serious
A00426,2024-07-25,East,Fog,Rural,30,1,1,Slight
A01556,2024-07-26,North,Rain,Rural,70,3,1,Slight
A00756,2024-07-26,South,Rain,Rural,40,1,2,Slight
A00702,2024-07-28,East,Rain,Motorway,40,4,2,Slight
A00644,2024-07-29,West,Fog,Urban,60,1,0,Slight
A00940,2024-07-29,West,Clear,Rural,40,2,0,Slight
A00509,2024-07-29,North,Rain,Rural,60,1,4,Serious
A00590,2024-07-29,East,Clear,Motorway,60,2,1,Slight
A00974,2024-07-30,West,Rain,Rural,30,4,1,Slight
A01504,2024-07-31,South,Fog,Motorway,70,4,1,Slight
A01682,2024-08-01,South,Clear,Motorway,70,2,2,Slight
A00112,2024-08-03,West,Fog,Motorway,60,2,1,Slight
A00749,2024-08-03,South,Rain,Motorway,70,4,2,Slight
A01756,2024-08-04,North,Fog,Urban,70,1,0,Slight
A00674,2024-08-05,East,Rain,Motorway,70,4,2,Slight
A01690,2024-08-05,East,Clear,Motorway,40,1,1,Slight
A00978,2024-08-06,South,Clear,Motorway,40,2,0,Slight
A01127,2024-08-06,North,Fog,Rural,30,4,1,Slight
A00156,2024-08-07,North,Clear,Urban,60,2,3,Serious
A01115,2024-08-07,West,Clear,Rural,40,3,0,Slight
A00546,2024-08-07,North,Rain,Rural,60,4,2,Slight
A01092,2024-08-07,South,Rain,Rural,40,4,2,Slight
A01743,2024-08-07,South,Fog,Urban,30,4,3,Serious
A00102,2024-08-08,South,Fog,Urban,60,4,4,Serious
A01675,2024-08-08,North,Clear,Urban,70,4,2,Slight
A00812,2024-08-09,North,Rain,Urban,60,1,0,Slight
A01111,2024-08-10,South,Fog,Urban,30,4,0,Slight
A01524,2024-08-10,East,Fog,Urban,70,1,0,Slight
A01236,2024-08-11,North,Rain,Motorway,40,3,1,Slight
A01744,2024-08-12,North,Fog,Urban,60,2,2,Slight
A01569,2024-08-12,West,Rain,Rural,60,4,1,Slight
A01708,2024-08-14,West,Clear,Motorway,40,4,1,Slight
A01146,2024-08-14,East,Clear,Urban,30,2,0,Slight
A01188,2024-08-15,South,Rain,Rural,30,2,1,Slight
A00229,2024-08-15,East,Fog,Urban,30,3,1,Slight
A00622,2024-08-15,East,Rain,Urban,70,1,1,Slight
A00563,2024-08-16,West,Rain,Urban,40,2,1,Slight
A00392,2024-08-16,North,Clear,Motorway,30,1,0,Slight
A01630,2024-08-17,East,Fog,Urban,70,2,2,Slight
A00484,2024-08-17,West,Rain,Rural,60,4,1,Slight
A00580,2024-08-17,North,Clear,Rural,40,4,2,Slight
A00235,2024-08-18,East,Clear,Urban,60,4,2,Slight
A01296,2024-08-18,South,Clear,Rural,70,3,0,Slight
A00272,2024-08-18,South,Fog,Urban,60,3,0,Slight
A00574,2024-08-19,East,Fog,Motorway,70,2,3,Serious
A00090,2024-08-22,South,Rain,Motorway,40,4,1,Slight
A00173,2024-08-23,North,Fog,Urban,60,4,3,Serious
A00332,2024-08-23,South,Fog,Motorway,30,4,2,Slight
A01503,2024-08-23,West,Fog,Rural,70,2,3,Serious
A00131,2024-08-23,South,Fog,Urban,60,3,1,Slight
A01589,2024-08-23,West,Clear,Urban,30,2,0,Slight
A00324,2024-08-24,West,Fog,Motorway,40,2,1,Slight
A00825,2024-08-24,East,Rain,Rural,60,3,1,Slight
A00017,2024-08-25,North,Fog,Rural,70,4,2,Slight
A01548,2024-08-26,East,Fog,Rural,30,3,0,Slight
A00650,2024-08-27,South,Rain,Motorway,60,2,1,Slight
A01381,2024-08-27,East,Clear,Urban,60,3,1,Slight
A00422,2024-08-28,South,Fog,Urban,60,2,0,Slight
A00607,2024-08-29,West,Fog,Rural,40,3,3,Serious
A00569,2024-08-30,East,Rain,Rural,60,3,1,Slight
A00964,2024-08-30,North,Fog,Motorway,40,1,0,Slight
A00911,2024-09-01,East,Fog,Motorway,60,4,2,Slight
A00748,2024-09-02,East,Clear,Rural,30,3,2,Slight
A01430,2024-09-04,East,Rain,Rural,40,1,0,Slight
A01592,2024-09-04,East,Clear,Urban,60,3,1,Slight
A00240,2024-09-07,East,Rain,Rural,30,4,2,Slight
A00816,2024-09-07,West,Fog,Urban,60,4,3,Serious
A00907,2024-09-07,South,Rain,Urban,40,3,1,Slight
A01584,2024-09-08,East,Clear,Motorway,40,2,1,Slight
A00290,2024-09-08,North,Rain,Motorway,30,1,3,Serious
A00570,2024-09-10,West,Clear,Urban,60,4,1,Slight
A01360,2024-09-11,West,Fog,Motorway,40,3,2,Slight
A01216,2024-09-12,North,Rain,Motorway,70,3,2,Slight
A00277,2024-09-12,West,Fog,Motorway,30,1,1,Slight
A01302,2024-09-13,East,Clear,Urban,30,3,1,Slight
A01038,2024-09-13,West,Fog,Urban,70,4,1,Slight
A00893,2024-09-13,North,Fog,Urban,60,1,0,Slight
A01602,2024-09-13,South,Rain,Rural,60,4,1,Slight
A01370,2024-09-13,North,Clear,Urban,30,4,0,Slight
A01416,2024-09-14,West,Fog,Urban,60,1,0,Slight
A01354,2024-09-14,West,Rain,Urban,60,4,0,Slight
A01611,2024-09-14,South,Clear,Rural,60,1,2,Slight
A01174,2024-09-15,West,Clear,Motorway,30,2,2,Slight
A01339,2024-09-15,East,Clear,Rural,60,1,0,Slight
A00826,2024-09-17,East,Rain,Urban,70,2,0,Slight
A00031,2024-09-18,North,Clear,Rural,70,3,1,Slight
A00344,2024-09-20,South,Rain,Urban,40,3,2,Slight
A00069,2024-09-22,West,Rain,Motorway,40,1,3,Serious
A00204,2024-09-22,East,Rain,Urban,60,1,1,Slight
A00979,2024-09-23,North,Rain,Urban,70,4,0,Slight
A00839,2024-09-23,South,Fog,Rural,30,3,1,Slight
A01535,2024-09-25,East,Clear,Rural,40,2,1,Slight
A01572,2024-09-25,South,Fog,Motorway,70,4,0,Slight
A01573,2024-09-26,North,Clear,Urban,60,3,3,Serious
A00187,2024-09-26,South,Rain,Rural,40,3,2,Slight
A00078,2024-09-26,North,Fog,Urban,60,4,0,Slight
A01561,2024-09-27,East,Fog,Urban,60,1,1,Slight
A00099,2024-09-27,West,Fog,Motorway,30,4,1,Slight
A00134,2024-09-28,South,Fog,Urban,70,2,1,Slight
A00308,2024-09-28,East,Clear,Urban,30,2,1,Slight
A01673,2024-09-28,East,Fog,Rural,70,3,4,Serious
A01668,2024-10-02,North,Clear,Urban,60,4,5,Serious
A00219,2024-10-03,North,Fog,Motorway,70,3,1,Slight
A01785,2024-10-03,East,Rain,Rural,40,3,5,Serious
A00573,2024-10-03,North,Clear,Rural,30,2,1,Slight
A00943,2024-10-03,East,Clear,Urban,60,2,0,Slight
A00502,2024-10-05,North,Clear,Rural,30,4,0,Slight
A01340,2024-10-06,East,Rain,Rural,60,4,3,Serious
A00884,2024-10-06,South,Clear,Urban,60,3,1,Slight
A00842,2024-10-06,South,Clear,Rural,70,1,0,Slight
A00279,2024-10-07,East,Fog,Motorway,70,3,1,Slight
A00467,2024-10-07,South,Fog,Motorway,60,1,0,Slight
A00141,2024-10-07,East,Fog,Motorway,60,2,2,Slight
A00410,2024-10-08,South,Clear,Motorway,70,1,0,Slight
A01505,2024-10-09,East,Clear,Rural,40,1,2,Slight
A00263,2024-10-10,East,Clear,Motorway,40,2,4,Serious
A00273,2024-10-10,South,Fog,Rural,40,3,1,Slight
A00283,2024-10-10,East,Fog,Motorway,30,2,0,Slight
A00260,2024-10-10,West,Fog,Rural,70,2,0,Slight
A00400,2024-10-13,East,Rain,Motorway,30,3,2,Slight
A00267,2024-10-13,West,Clear,Rural,30,2,2,Slight
A00783,2024-10-13,East,Clear,Rural,30,3,1,Slight
A00588,2024-10-13,North,Fog,Motorway,60,4,3,Serious
A01361,2024-10-15,South,Clear,Motorway,60,4,1,Slight
A01004,2024-10-15,West,Clear,Rural,60,2,1,Slight
A00129,2024-10-16,East,Clear,Rural,40,3,2,Slight
A00663,2024-10-16,West,Fog,Motorway,40,4,2,Slight
A01628,2024-10-17,West,Clear,Motorway,30,4,1,Slight
A01359,2024-10-18,West,Clear,Motorway,70,3,2,Slight
A01490,2024-10-18,West,Clear,Motorway,40,1,1,Slight
A00959,2024-10-18,South,Fog,Urban,60,1,1,Slight
A00990,2024-10-18,North,Rain,Urban,70,3,3,Serious
A00610,2024-10-18,East,Rain,Motorway,40,3,1,Slight
A01366,2024-10-19,East,Fog,Urban,60,1,1,Slight
A00670,2024-10-19,North,Rain,Motorway,60,3,3,Serious
A01086,2024-10-19,East,Clear,Urban,70,2,0,Slight
A00387,2024-10-20,South,Rain,Urban,40,1,2,Slight
A00770,2024-10-20,North,Clear,Urban,70,1,2,Slight
A00212,2024-10-21,East,Rain,Rural,30,2,1,Slight
A00032,2024-10-23,West,Rain,Motorway,70,4,1,Slight
A00891,2024-10-24,East,Fog,Urban,30,2,0,Slight
A01426,2024-10-24,West,Rain,Urban,60,1,0,Slight
A01780,2024-10-24,South,Rain,Motorway,70,3,1,Slight
A01223,2024-10-25,South,Fog,Rural,60,2,0,Slight
A00481,2024-10-25,West,Rain,Urban,30,1,1,Slight
A01202,2024-10-25,East,Fog,Rural,60,2,1,Slight
A00176,2024-10-25,North,Rain,Motorway,40,1,2,Slight
A00854,2024-10-26,South,Fog,Motorway,30,2,2,Slight
A01568,2024-10-27,East,Rain,Urban,40,4,0,Slight
A00268,2024-10-27,West,Rain,Rural,30,3,2,Slight
A01499,2024-10-27,South,Fog,Urban,30,3,0,Slight
A00317,2024-10-27,East,Rain,Motorway,30,3,1,Slight
A01472,2024-10-27,East,Clear,Urban,70,3,1,Slight
A00056,2024-10-28,East,Clear,Rural,30,1,0,Slight
A00136,2024-10-28,South,Clear,Rural,30,1,0,Slight
A00565,2024-10-29,East,Fog,Motorway,70,3,2,Slight
A00700,2024-10-31,North,Clear,Motorway,60,3,0,Slight
A01244,2024-10-31,East,Clear,Motorway,60,1,0,Slight
A01231,2024-11-02,East,Fog,Rural,40,2,1,Slight
A01723,2024-11-02,South,Fog,Motorway,40,4,1,Slight
A01674,2024-11-02,East,Fog,Rural,40,3,2,Slight
A00261,2024-11-03,North,Rain,Rural,40,3,3,Serious
A00217,2024-11-04,East,Clear,Urban,40,4,2,Slight
A00350,2024-11-05,West,Fog,Rural,40,2,1,Slight
A00788,2024-11-05,East,Rain,Urban,70,2,0,Slight
A01703,2024-11-05,North,Fog,Motorway,40,2,1,Slight
A00128,2024-11-06,South,Rain,Urban,40,4,2,Slight
A00100,2024-11-06,West,Rain,Urban,40,4,1,Slight
A00151,2024-11-08,North,Clear,Urban,30,3,3,Serious
A01746,2024-11-09,East,Fog,Rural,30,3,0,Slight
A01185,2024-11-09,North,Rain,Motorway,70,3,2,Slight
A00892,2024-11-12,North,Clear,Rural,70,2,1,Slight
A00020,2024-11-12,South,Fog,Motorway,60,3,1,Slight
A00549,2024-11-13,West,Clear,Motorway,30,2,2,Slight
A00452,2024-11-16,North,Rain,Urban,60,4,3,Serious
A01646,2024-11-16,East,Rain,Urban,60,2,3,Serious
A00785,2024-11-17,North,Rain,Urban,70,1,0,Slight
A00652,2024-11-18,West,Fog,Rural,40,1,0,Slight
A00585,2024-11-18,West,Rain,Urban,60,3,0,Slight
A00357,2024-11-19,North,Rain,Rural,40,4,1,Slight
A00519,2024-11-19,South,Clear,Rural,30,3,1,Slight
A00875,2024-11-19,East,Rain,Rural,30,3,1,Slight
A00708,2024-11-21,East,Rain,Motorway,30,4,3,Serious
A00928,2024-11-21,North,Rain,Rural,70,3,3,Serious
A01734,2024-11-21,West,Rain,Rural,30,2,2,Slight
A01013,2024-11-22,West,Clear,Motorway,30,2,1,Slight
A00130,2024-11-22,South,Rain,Motorway,60,1,1,Slight
A00850,2024-11-23,East,Fog,Urban,40,3,3,Serious
A01124,2024-11-24,North,Rain,Rural,60,4,1,Slight
A00542,2024-11-24,South,Rain,Motorway,30,3,2,Slight
A00072,2024-11-25,North,Clear,Motorway,60,3,2,Slight
A00687,2024-11-26,West,Rain,Motorway,70,3,1,Slight
A01634,2024-11-26,South,Fog,Rural,70,2,0,Slight
A01054,2024-11-28,East,Fog,Rural,40,4,1,Slight
A01788,2024-11-28,South,Clear,Rural,60,2,2,Slight
A00464,2024-11-28,South,Rain,Motorway,30,4,1,Slight
A01167,2024-11-29,East,Fog,Motorway,30,3,1,Slight
A00466,2024-11-29,North,Rain,Motorway,30,2,0,Slight
A00930,2024-11-29,East,Clear,Urban,30,1,1,Slight
A00510,2024-11-30,East,Fog,Urban,40,1,0,Slight
A00705,2024-11-30,South,Clear,Rural,30,1,0,Slight
A00701,2024-12-01,North,Rain,Rural,30,1,1,Slight
A01467,2024-12-01,West,Clear,Motorway,30,4,4,Serious
A00553,2024-12-02,South,Fog,Urban,30,1,1,Slight
A01255,2024-12-02,East,Clear,Motorway,60,4,2,Slight
A00292,2024-12-04,South,Rain,Motorway,30,3,0,Slight
A01664,2024-12-04,West,Clear,Rural,60,4,2,Slight
A00605,2024-12-04,South,Fog,Motorway,70,3,1,Slight
A01248,2024-12-04,North,Clear,Urban,70,1,2,Slight
A00736,2024-12-05,East,Clear,Motorway,70,4,0,Slight
A01388,2024-12-05,West,Rain,Rural,60,3,3,Serious
A00572,2024-12-05,South,Rain,Rural,40,3,1,Slight
A01310,2024-12-05,West,Fog,Rural,30,2,0,Slight
A01642,2024-12-06,North,Fog,Motorway,70,1,1,Slight
A00707,2024-12-06,East,Rain,Motorway,70,3,1,Slight
A01149,2024-12-07,North,Rain,Urban,40,1,1,Slight
A00446,2024-12-08,North,Fog,Motorway,30,1,0,Slight
A00942,2024-12-08,West,Clear,Motorway,30,2,0,Slight
A00325,2024-12-08,North,Clear,Rural,60,2,0,Slight
A01021,2024-12-09,South,Fog,Rural,60,2,2,Slight
A01450,2024-12-10,North,Clear,Rural,70,3,2,Slight
A01063,2024-12-10,West,Clear,Urban,60,4,2,Slight
A01349,2024-12-11,South,Fog,Motorway,60,4,2,Slight
A00555,2024-12-12,East,Clear,Rural,60,4,1,Slight
A00295,2024-12-12,West,Rain,Rural,40,4,1,Slight
A00373,2024-12-12,West,Fog,Motorway,40,4,1,Slight
A01462,2024-12-14,South,Clear,Urban,60,3,0,Slight
A00612,2024-12-15,East,Clear,Rural,70,2,1,Slight
A00191,2024-12-15,South,Fog,Urban,40,1,1,Slight
A00536,2024-12-16,West,Clear,Rural,40,1,0,Slight
A01368,2024-12-17,East,Rain,Rural,60,3,1,Slight
A00593,2024-12-17,South,Rain,Rural,40,3,2,Slight
A00874,2024-12-19,South,Clear,Rural,40,1,0,Slight
A01050,2024-12-19,South,Rain,Rural,30,3,3,Serious
A00033,2024-12-21,South,Clear,Motorway,30,2,1,Slight
A01041,2024-12-22,East,Fog,Urban,60,1,1,Slight
A00113,2024-12-22,North,Fog,Urban,30,2,2,Slight
A01036,2024-12-23,South,Clear,Rural,70,3,0,Slight
A01536,2024-12-25,West,Clear,Urban,30,4,3,Serious
A00195,2024-12-26,South,Clear,Urban,60,4,1,Slight
A01794,2024-12-26,South,Rain,Rural,40,4,6,Serious
A01529,2024-12-26,South,Clear,Urban,60,1,0,Slight
A01403,2024-12-26,North,Rain,Urban,60,2,2,Slight
A01382,2024-12-28,East,Clear,Rural,70,1,1,Slight
A01261,2024-12-30,East,Fog,Urban,40,2,3,Serious
A00949,2024-12-30,South,Fog,Motorway,40,1,1,Slight
A01253,2024-12-30,West,Rain,Urban,30,2,2,Slight
A00685,2024-12-30,East,Fog,Rural,70,1,0,Slight
A00633,2024-12-30,South,Fog,Motorway,60,3,1,Slight
A00247,2024-12-31,West,Clear,Rural,40,4,1,Slight
A00266,2024-12-31,West,Fog,Rural,40,3,1,Slight
A01753,2024-12-31,North,Clear,Motorway,40,3,0,Slight
A00304,2024-12-31,South,Fog,Rural,40,4,3,Serious
