CustomerKey,Segment
1,Consumer
2,Consumer
3,Business
4,Consumer
5,Consumer
6,Business
7,Consumer
8,Consumer
9,Business
10,Consumer
11,Consumer
12,Business
13,Consumer
14,Consumer
15,Business
16,Consumer
17,Consumer
18,Business
19,Consumer
20,Consumer
21,Business
22,Consumer
23,Consumer
24,Business
25,Consumer
26,Consumer
27,Business
28,Consumer
29,Consumer
30,Business
31,Consumer
32,Consumer
33,Business
34,Consumer
35,Consumer
36,Business
37,Consumer
38,Consumer
39,Business
40,Consumer
41,Consumer
42,Business
43,Consumer
44,Consumer
45,Business
46,Consumer
47,Consumer
48,Business
49,Consumer
50,Consumer
51,Business
52,Consumer
53,Consumer
54,Business
55,Consumer
56,Consumer
57,Business
58,Consumer
59,Consumer
60,Business
61,Consumer
62,Consumer
63,Business
64,Consumer
65,Consumer
66,Business
67,Consumer
68,Consumer
69,Business
70,Consumer
71,Consumer
72,Business
73,Consumer
74,Consumer
75,Business
76,Consumer
77,Consumer
78,Business
79,Consumer
80,Consumer
