OrderID,LineID,OrderDate,ProductKey,CustomerKey,RegionKey,Product,Category,Region,Quantity,UnitPrice,Discount,UnitCost,GrossRevenue,NetRevenue,TotalCost,Profit
O00001,1,2022-01-01,3,55,4,Notebook,Stationery,West,4.0,5.0,0.1,2.0,20.0,18.0,8.0,10.0
O00002,1,2022-01-01,4,40,2,Mouse,Electronics,South,,25.0,0.15,12.0,,,,
O00002,2,2022-01-01,4,40,2,Mouse,Electronics,South,1.0,25.0,0.15,12.0,25.0,21.25,12.0,9.25
O00003,1,2022-01-02,2,27,3,Chair,Furniture,East,-2.0,150.0,0.0,90.0,,,,
O00003,2,2022-01-02,2,27,3,Chair,Furniture,East,3.0,150.0,0.0,90.0,450.0,450.0,270.0,180.0
O00004,1,2022-01-02,3,55,1,Notebook,Stationery, north ,1.0,5.0,0.0,2.0,5.0,5.0,2.0,3.0
O00004,2,not-a-date,3,55,1,Notebook,Stationery,NORTH,6.0,5.0,0.05,2.0,30.0,28.5,12.0,16.5
O00004,3,2022-01-02,4,55,1,Mouse,Electronics,North,100.0,25.0,0.0,12.0,2500.0,2500.0,1200.0,1300.0
O00005,1,2022-01-03,4,8,3,Mouse,Electronics,East,1.0,25.0,0.05,12.0,25.0,23.75,12.0,11.75
O00005,2,2022-01-03,4,8,3,Mouse,Electronics,East,2.0,25.0,0.0,12.0,50.0,50.0,24.0,26.0
O00006,1,2022-01-03,4,19,3,Mouse,Electronics,East,5.0,25.0,0.0,12.0,125.0,125.0,60.0,65.0
O00006,2,2022-01-03,3,19,3,Notebook,Stationery,East,3.0,5.0,0.15,2.0,15.0,12.75,6.0,6.75
O00007,1,2022-01-04,4,7,2,Mouse,Electronics,South,4.0,25.0,0.0,12.0,100.0,100.0,48.0,52.0
O00007,2,2022-01-04,2,7,2,Chair,Furniture,South,3.0,150.0,0.15,90.0,450.0,382.5,270.0,112.5
O00007,3,2022-01-04,1,7,2,Laptop,Electronics,South,2.0,800.0,0.05,500.0,1600.0,1520.0,1000.0,520.0
O00008,1,2022-01-04,4,66,2,Mouse,Electronics,South,5.0,25.0,0.1,12.0,125.0,112.5,60.0,52.5
O00009,1,2022-01-05,4,3,4,Mouse,Electronics,West,5.0,25.0,0.05,12.0,125.0,118.75,60.0,58.75
O00009,2,2022-01-05,3,3,4,Notebook,Stationery,West,2.0,5.0,0.15,2.0,10.0,8.5,4.0,4.5
O00009,3,2022-01-05,2,3,4,Chair,Furniture,West,5.0,150.0,0.05,90.0,750.0,712.5,450.0,262.5
O00010,1,2022-01-05,2,3,2,Chair,Furniture,South,6.0,150.0,0.1,90.0,900.0,810.0,540.0,270.0
O00011,1,2022-01-06,3,42,4,Notebook,Stationery,West,3.0,5.0,0.0,2.0,15.0,15.0,6.0,9.0
O00011,2,2022-01-06,4,42,4,Mouse,Electronics,West,2.0,25.0,0.05,12.0,50.0,47.5,24.0,23.5
O00012,1,2022-01-06,2,34,1,Chair,Furniture,North,2.0,150.0,0.0,90.0,300.0,300.0,180.0,120.0
O00012,2,2022-01-06,3,34,1,Notebook,Stationery,North,2.0,5.0,0.15,2.0,10.0,8.5,4.0,4.5
O00013,1,2022-01-07,1,61,3,Laptop,Electronics,East,2.0,800.0,0.1,500.0,1600.0,1440.0,1000.0,440.0
O00013,2,2022-01-07,1,61,3,Laptop,Electronics,East,6.0,800.0,0.0,500.0,4800.0,4800.0,3000.0,1800.0
O00013,3,2022-01-07,1,61,3,Laptop,Electronics,East,3.0,800.0,0.15,500.0,2400.0,2040.0,1500.0,540.0
O00014,1,2022-01-07,2,48,4,Chair,Furniture,West,6.0,150.0,0.05,90.0,900.0,855.0,540.0,315.0
O00014,2,2022-01-07,1,48,4,Laptop,Electronics,West,2.0,800.0,0.15,500.0,1600.0,1360.0,1000.0,360.0
O00014,3,2022-01-07,4,48,4,Mouse,Electronics,West,4.0,25.0,0.0,12.0,100.0,100.0,48.0,52.0
O00015,1,2022-01-08,4,21,4,Mouse,Electronics,West,2.0,25.0,0.1,12.0,50.0,45.0,24.0,21.0
O00016,1,2022-01-08,2,36,1,Chair,Furniture,North,4.0,150.0,0.15,90.0,600.0,510.0,360.0,150.0
O00016,2,2022-01-08,2,36,1,Chair,Furniture,North,2.0,150.0,0.0,90.0,300.0,300.0,180.0,120.0
O00017,1,2022-01-09,2,33,1,Chair,Furniture,North,3.0,150.0,0.15,90.0,450.0,382.5,270.0,112.5
O00017,2,2022-01-09,2,33,1,Chair,Furniture,North,6.0,150.0,0.05,90.0,900.0,855.0,540.0,315.0
O00018,1,2022-01-09,3,50,2,Notebook,Stationery,South,2.0,5.0,0.05,2.0,10.0,9.5,4.0,5.5
O00018,2,2022-01-09,2,50,2,Chair,Furniture,South,5.0,150.0,0.1,90.0,750.0,675.0,450.0,225.0
O00018,3,2022-01-09,3,50,2,Notebook,Stationery,South,2.0,5.0,0.15,2.0,10.0,8.5,4.0,4.5
O00019,1,2022-01-10,4,27,2,Mouse,Electronics,South,1.0,25.0,0.0,12.0,25.0,25.0,12.0,13.0
O00019,2,2022-01-10,3,27,2,Notebook,Stationery,South,4.0,5.0,0.0,2.0,20.0,20.0,8.0,12.0
O00019,3,2022-01-10,2,27,2,Chair,Furniture,South,2.0,150.0,0.0,90.0,300.0,300.0,180.0,120.0
O00020,1,2022-01-10,3,41,2,Notebook,Stationery,South,2.0,5.0,0.0,2.0,10.0,10.0,4.0,6.0
O00020,2,2022-01-10,3,41,2,Notebook,Stationery,South,6.0,5.0,0.05,2.0,30.0,28.5,12.0,16.5
O00020,3,2022-01-10,1,41,2,Laptop,Electronics,South,2.0,800.0,0.05,500.0,1600.0,1520.0,1000.0,520.0
O00021,1,2022-01-11,2,40,3,Chair,Furniture,East,4.0,150.0,0.15,90.0,600.0,510.0,360.0,150.0
O00021,2,2022-01-11,1,40,3,Laptop,Electronics,East,6.0,800.0,0.05,500.0,4800.0,4560.0,3000.0,1560.0
O00022,1,2022-01-11,2,49,4,Chair,Furniture,West,5.0,150.0,0.1,90.0,750.0,675.0,450.0,225.0
O00023,1,2022-01-12,4,3,4,Mouse,Electronics,West,4.0,25.0,0.15,12.0,100.0,85.0,48.0,37.0
O00023,2,2022-01-12,4,3,4,Mouse,Electronics,West,3.0,25.0,0.0,12.0,75.0,75.0,36.0,39.0
O00023,3,2022-01-12,4,3,4,Mouse,Electronics,West,5.0,25.0,0.05,12.0,125.0,118.75,60.0,58.75
O00024,1,2022-01-12,1,47,3,Laptop,Electronics,East,2.0,800.0,0.0,500.0,1600.0,1600.0,1000.0,600.0
O00024,2,2022-01-12,2,47,3,Chair,Furniture,East,1.0,150.0,0.15,90.0,150.0,127.5,90.0,37.5
O00025,1,2022-01-13,4,16,4,Mouse,Electronics,West,5.0,25.0,0.15,12.0,125.0,106.25,60.0,46.25
O00025,2,2022-01-13,2,16,4,Chair,Furniture,West,2.0,150.0,0.0,90.0,300.0,300.0,180.0,120.0
O00025,3,2022-01-13,1,16,4,Laptop,Electronics,West,5.0,800.0,0.15,500.0,4000.0,3400.0,2500.0,900.0
O00026,1,2022-01-13,1,31,2,Laptop,Electronics,South,5.0,800.0,0.15,500.0,4000.0,3400.0,2500.0,900.0
O00026,2,2022-01-13,1,31,2,Laptop,Electronics,South,1.0,800.0,0.15,500.0,800.0,680.0,500.0,180.0
O00027,1,2022-01-14,1,46,4,Laptop,Electronics,West,3.0,800.0,0.1,500.0,2400.0,2160.0,1500.0,660.0
O00028,1,2022-01-14,3,79,2,Notebook,Stationery,South,3.0,5.0,0.1,2.0,15.0,13.5,6.0,7.5
O00028,2,2022-01-14,2,79,2,Chair,Furniture,South,5.0,150.0,0.05,90.0,750.0,712.5,450.0,262.5
O00002,2,2022-01-01,4,40,2,Mouse,Electronics,South,1.0,25.0,0.15,12.0,25.0,21.25,12.0,9.25
