x,y
-3.0,8.99806610184038
-2.739130434782609,6.945560425461637
-2.4782608695652173,7.026167568389508
-2.217391304347826,6.161839655446349
-1.9565217391304348,3.3896721179232108
-1.6956521739130435,3.0140748139232354
-1.4347826086956523,3.2415083603574124
-1.173913043478261,2.3460491202696776
-0.9130434782608696,2.029154861988942
-0.6521739130434785,1.0693399725970218
-0.3913043478260869,1.8744442224132016
-0.1304347826086958,1.5826914120930886
0.13043478260869534,0.989611824870367
0.3913043478260869,1.6442379754554974
0.652173913043478,1.2755256849402001
0.9130434782608696,0.5684920352317553
1.1739130434782608,1.617381771468369
1.4347826086956523,1.1003557990641752
1.695652173913043,2.7358320153204256
1.9565217391304346,2.6688714092767043
2.217391304347826,3.212920749139815
2.478260869565217,3.617509217687531
2.7391304347826084,5.6770715298734675
3.0,5.699555836655278
